date,portfolio_return,nav,drawdown,trading_cost
2017-01-09,0.00000000,1.00000000,0.00000000,0.00000000
2017-01-13,0.01701550,1.01701550,0.00000000,0.00029991
2017-01-20,-0.00096613,1.01603293,-0.00096613,0.00020535
2017-01-27,0.01901275,1.03535051,0.00000000,0.00010918
2017-02-03,-0.01239451,1.02251785,-0.01239451,0.00022124
2017-02-10,0.02931106,1.05248892,0.00000000,0.00012820
2017-02-17,0.03915825,1.09370255,0.00000000,0.00008420
2017-02-24,0.00238479,1.09631081,0.00000000,0.00005054
2017-03-03,-0.02395569,1.07004793,-0.02395569,0.00003482
2017-03-10,0.01100926,1.08182836,-0.01321017,0.00008091
2017-03-17,0.03071709,1.11505898,0.00000000,0.00008109
2017-03-24,-0.00097786,1.11396861,-0.00097786,0.00007825
2017-03-31,-0.01659325,1.09548425,-0.01755489,0.00008123
2017-04-07,-0.00635588,1.08852148,-0.02379919,0.00014692
2017-04-13,0.00367907,1.09252623,-0.02020767,0.00019421
2017-04-21,-0.01038442,1.08118098,-0.03038225,0.00004301
2017-04-28,0.02152361,1.10445190,-0.00951257,0.00004282
2017-05-05,-0.01402974,1.08895673,-0.02340885,0.00009544
2017-05-12,0.02219645,1.11312771,-0.00173199,0.00010462
2017-05-19,0.00849588,1.12258471,0.00000000,0.00012432
2017-05-26,0.03238004,1.15893404,0.00000000,0.00007884
2017-06-02,0.01454200,1.17578727,0.00000000,0.00005071
2017-06-09,-0.00074319,1.17491343,-0.00074319,0.00007516
2017-06-16,-0.01998041,1.15143818,-0.02070875,0.00001993
2017-06-23,0.01859511,1.17284930,-0.00249873,0.00003993
2017-06-30,0.03114367,1.20937613,0.00000000,0.00004378
2017-07-07,0.00470016,1.21506040,0.00000000,0.00008451
2017-07-14,0.05139524,1.27750872,0.00000000,0.00005628
2017-07-21,0.00421584,1.28289449,0.00000000,0.00005160
2017-07-28,0.02073634,1.30949703,0.00000000,0.00008743
2017-08-04,0.02912622,1.34763772,0.00000000,0.00009937
2017-08-11,-0.03881073,1.29533491,-0.03881073,0.00008501
2017-08-18,0.02298280,1.32510534,-0.01671991,0.00005232
2017-08-25,0.04388279,1.38325465,0.00000000,0.00004566
2017-09-01,0.00407747,1.38889484,0.00000000,0.00001059
2017-09-08,-0.00653292,1.37982130,-0.00653292,0.00007713
2017-09-15,0.01827478,1.40503724,0.00000000,0.00004862
2017-09-22,0.01095059,1.42042322,0.00000000,0.00000000
2017-09-29,-0.01762179,1.39539282,-0.01762179,0.00009970
2017-10-06,0.06092766,1.48041084,0.00000000,0.00006201
2017-10-13,-0.00709122,1.46991293,-0.00709122,0.00001823
2017-10-20,0.00010063,1.47006085,-0.00699130,0.00003991
2017-10-27,-0.00004912,1.46998864,-0.00704008,0.00004816
2017-11-03,-0.00221591,1.46673127,-0.00924039,0.00004828
2017-11-10,0.02721485,1.50664814,0.00000000,0.00005966
2017-11-17,0.01354395,1.52705411,0.00000000,0.00005656
2017-11-24,0.02969073,1.57239346,0.00000000,0.00005989
2017-12-01,-0.04106938,1.50781624,-0.04106938,0.00004554
2017-12-08,-0.01566896,1.48419033,-0.05609482,0.00010670
2017-12-15,0.00443355,1.49077056,-0.05190997,0.00008758
2017-12-22,0.02624996,1.52990323,-0.02702265,0.00009799
2017-12-29,0.00839041,1.54273975,-0.01885897,0.00011267
2018-01-05,0.03768839,1.60088312,0.00000000,0.00011620
2018-01-12,0.02368546,1.63880077,0.00000000,0.00016691
2018-01-19,0.03028065,1.68842472,0.00000000,0.00009522
2018-01-26,0.03474283,1.74708537,0.00000000,0.00014475
2018-02-02,-0.01500934,1.72086277,-0.01500934,0.00012810
2018-02-09,-0.12098975,1.51265601,-0.13418312,0.00006065
2018-02-15,0.07147211,1.62076872,-0.07230136,0.00007735
2018-02-23,0.00711989,1.63230842,-0.06569625,0.00010657
2018-03-02,-0.04071905,1.56584237,-0.10374021,0.00005386
2018-03-09,0.02445289,1.60413175,-0.08182406,0.00010307
2018-03-16,0.02238634,1.64004239,-0.06126946,0.00013527
2018-03-23,-0.04823674,1.56093209,-0.10655076,0.00000563
2018-03-29,-0.01130619,1.54328389,-0.11665227,0.00006339
2018-04-06,-0.00485562,1.53579029,-0.12094147,0.00013319
2018-04-13,0.02764841,1.57825245,-0.09663690,0.00007259
2018-04-20,-0.01948057,1.54750719,-0.11423493,0.00005098
2018-04-27,-0.00686654,1.53688117,-0.12031707,0.00002668
2018-05-04,-0.01147349,1.51924777,-0.13041011,0.00005143
2018-05-11,0.04104319,1.58160254,-0.09471937,0.00019899
2018-05-18,0.00810636,1.59442358,-0.08738084,0.00030920
2018-05-25,-0.00149086,1.59204651,-0.08874143,0.00017760
2018-06-01,-0.00467501,1.58460369,-0.09300157,0.00011479
2018-06-08,0.04389474,1.65415945,-0.05318911,0.00021538
2018-06-15,-0.01424848,1.63059020,-0.06667972,0.00012717
2018-06-22,-0.03733276,1.56971578,-0.10152314,0.00007267
2018-06-29,-0.01698720,1.54305071,-0.11678574,0.00012075
2018-07-06,-0.02468645,1.50495825,-0.13858917,0.00010288
2018-07-13,0.02672787,1.54518258,-0.11556550,0.00025606
2018-07-20,-0.00266948,1.54105774,-0.11792648,0.00011630
2018-07-27,0.01497689,1.56413800,-0.10471576,0.00015166
2018-08-03,-0.03563638,1.50839779,-0.13662045,0.00024873
2018-08-10,0.01616959,1.53278796,-0.12265995,0.00019853
2018-08-17,-0.02657425,1.49205527,-0.14597461,0.00008989
2018-08-24,0.01738011,1.51798735,-0.13113155,0.00006396
2018-08-31,0.01297893,1.53768921,-0.11985457,0.00000577
2018-09-07,-0.01277413,1.51804656,-0.13109766,0.00016707
2018-09-14,0.00775433,1.52981800,-0.12435991,0.00009406
2018-09-21,0.01265673,1.54918048,-0.11327717,0.00007900
2018-09-28,0.01445197,1.57156919,-0.10046228,0.00010049
2018-10-05,-0.03480402,1.51687227,-0.13176981,0.00000749
2018-10-12,-0.01643880,1.49193671,-0.14604247,0.00000808
2018-10-19,-0.00800538,1.47999318,-0.15287873,0.00000000
2018-10-26,-0.02318343,1.44568186,-0.17251791,0.00000504
2018-11-02,0.02722539,1.48504110,-0.14998939,0.00003971
2018-11-09,-0.00699259,1.47465682,-0.15593316,0.00033197
2018-11-16,0.00000000,1.47465682,-0.15593316,0.00000000
2018-11-23,0.00000000,1.47465682,-0.15593316,0.00000000
2018-11-30,0.00000000,1.47465682,-0.15593316,0.00000000
2018-12-07,0.00000000,1.47465682,-0.15593316,0.00000000
2018-12-14,0.00000000,1.47465682,-0.15593316,0.00000000
2018-12-21,-0.01897344,1.44667750,-0.17194802,0.00033172
2018-12-28,-0.00253199,1.44301454,-0.17404463,0.00032243
2019-01-04,0.00000000,1.44301454,-0.17404463,0.00000000
2019-01-11,0.00000000,1.44301454,-0.17404463,0.00000000
2019-01-18,0.00000000,1.44301454,-0.17404463,0.00000000
2019-01-25,0.00000000,1.44301454,-0.17404463,0.00000000
2019-02-01,0.00000000,1.44301454,-0.17404463,0.00000000
2019-02-08,0.00106134,1.44454606,-0.17316802,0.00032461
2019-02-15,0.00158539,1.44683623,-0.17185716,0.00004037
2019-02-22,0.02013297,1.47596535,-0.15518419,0.00007291
2019-03-01,0.00252201,1.47968775,-0.15305355,0.00004092
2019-03-08,-0.02323515,1.44530698,-0.17273248,0.00004550
2019-03-15,0.02667356,1.48385846,-0.15066631,0.00000944
2019-03-22,-0.00483633,1.47668202,-0.15477397,0.00004889
2019-03-29,0.01284090,1.49564395,-0.14392051,0.00013176
2019-04-04,0.02248139,1.52926810,-0.12467466,0.00013507
2019-04-12,-0.01012346,1.51378662,-0.13353598,0.00016564
2019-04-18,-0.00224278,1.51039152,-0.13547927,0.00001438
2019-04-26,-0.01236861,1.49171008,-0.14617219,0.00005673
2019-05-03,0.00998134,1.50659935,-0.13764984,0.00005658
2019-05-10,-0.04417183,1.44005010,-0.17574142,0.00025556
2019-05-17,-0.01761360,1.41468563,-0.19025958,0.00009669
2019-05-24,-0.01233671,1.39723307,-0.20024912,0.00014494
2019-05-31,0.00045601,1.39787023,-0.19988442,0.00016536
2019-06-06,0.00104240,1.39932736,-0.19905038,0.00002337
2019-06-14,0.00848649,1.41120275,-0.19225313,0.00010432
2019-06-21,0.03715567,1.46363694,-0.16224074,0.00003714
2019-06-28,-0.00024313,1.46328108,-0.16244443,0.00010282
2019-07-05,0.01288519,1.48213573,-0.15165237,0.00011970
2019-07-12,-0.00552294,1.47394999,-0.15633774,0.00015129
2019-07-19,0.00818045,1.48600756,-0.14943621,0.00015078
2019-07-26,-0.01404386,1.46513827,-0.16138141,0.00014981
2019-08-02,-0.04994407,1.39196330,-0.20326543,0.00005575
2019-08-09,-0.03011847,1.35003950,-0.22726186,0.00005432
2019-08-16,-0.00058862,1.34924484,-0.22771671,0.00008897
2019-08-23,0.01228900,1.36582571,-0.21822612,0.00000609
2019-08-30,-0.01500978,1.34532497,-0.22996037,0.00014467
2019-09-06,0.02786254,1.38280914,-0.20850511,0.00017551
2019-09-13,0.01592750,1.40483383,-0.19589858,0.00015010
2019-09-20,-0.02989766,1.36283258,-0.21993933,0.00014159
2019-09-27,-0.00879692,1.35084386,-0.22680146,0.00007094
2019-10-04,0.00531267,1.35802045,-0.22269371,0.00013499
2019-10-11,0.02653556,1.39405629,-0.20206745,0.00007948
2019-10-18,0.01570148,1.41594503,-0.18953873,0.00014043
2019-10-25,-0.01180879,1.39922444,-0.19910929,0.00005747
2019-11-01,0.01887818,1.42563925,-0.18398993,0.00011196
2019-11-08,0.02449555,1.46056107,-0.16400132,0.00018415
2019-11-15,-0.04015728,1.40190891,-0.19757275,0.00005663
2019-11-22,0.00602096,1.41034975,-0.19274137,0.00004869
2019-11-29,-0.01288944,1.39217114,-0.20314647,0.00005882
2019-12-06,0.00863903,1.40419815,-0.19626243,0.00008843
2019-12-13,0.03150441,1.44843658,-0.17094115,0.00006850
2019-12-20,0.00749197,1.45928823,-0.16472987,0.00011511
2019-12-27,0.01039595,1.47445891,-0.15604644,0.00018094
2020-01-03,0.00842461,1.48688065,-0.14893646,0.00011446
2020-01-10,0.00853722,1.49957448,-0.14167075,0.00018640
2020-01-17,0.01387156,1.52037591,-0.12976439,0.00006453
2020-01-24,-0.04922140,1.44554088,-0.17259860,0.00009623
2020-01-31,-0.05898606,1.36027411,-0.22140376,0.00009114
2020-02-07,0.03800615,1.41197289,-0.19181231,0.00013813
2020-02-14,0.02249521,1.44373552,-0.17363196,0.00020727
2020-02-21,-0.00981777,1.42956125,-0.18174505,0.00005263
2020-02-28,-0.03287237,1.38256818,-0.20864303,0.00004683
2020-03-06,0.01383963,1.40170241,-0.19769095,0.00016268
2020-03-13,-0.05368607,1.32645051,-0.24076377,0.00015536
2020-03-20,-0.04918643,1.26120714,-0.27810789,0.00019442
2020-03-27,0.02307420,1.29030848,-0.26145081,0.00004635
2020-04-03,-0.00619113,1.28232002,-0.26602326,0.00028576
2020-04-09,0.00000000,1.28232002,-0.26602326,0.00000000
2020-04-17,0.00000000,1.28232002,-0.26602326,0.00000000
2020-04-24,0.00000000,1.28232002,-0.26602326,0.00000000
2020-04-29,0.00000000,1.28232002,-0.26602326,0.00000000
2020-05-08,0.00000000,1.28232002,-0.26602326,0.00000000
2020-05-15,0.00000000,1.28232002,-0.26602326,0.00000000
2020-05-22,-0.02290396,1.25294981,-0.28283424,0.00028846
2020-05-29,0.03103977,1.29184109,-0.26057358,0.00013045
2020-06-05,0.04441108,1.34921314,-0.22773485,0.00005086
2020-06-12,-0.00929954,1.33666608,-0.23491656,0.00019135
2020-06-19,0.02638516,1.37193423,-0.21472971,0.00007987
2020-06-26,0.00867311,1.38383317,-0.20791898,0.00017856
2020-07-03,0.04978318,1.45272478,-0.16848666,0.00012717
2020-07-10,0.02314930,1.48635434,-0.14923771,0.00017111
2020-07-17,-0.03711656,1.43118598,-0.18081509,0.00016078
2020-07-24,0.02028696,1.46022039,-0.16419632,0.00011132
2020-07-31,0.00117945,1.46194264,-0.16321053,0.00009969
2020-08-07,0.01515092,1.48409241,-0.15053240,0.00006274
2020-08-14,-0.00851124,1.47146095,-0.15776242,0.00005699
2020-08-21,0.03599789,1.52443044,-0.12744365,0.00010898
2020-08-28,0.04873572,1.59872466,-0.08491898,0.00005501
2020-09-04,-0.01827741,1.56950411,-0.10164429,0.00000000
2020-09-11,-0.02723721,1.52675519,-0.12611300,0.00013417
2020-09-18,0.01875132,1.55538387,-0.10972646,0.00009930
2020-09-25,-0.04838140,1.48013222,-0.15279915,0.00017428
2020-09-30,0.03626202,1.53380480,-0.12207793,0.00006114
2020-10-09,0.05523001,1.61851686,-0.07359028,0.00006418
2020-10-16,0.00238171,1.62237170,-0.07138384,0.00006705
2020-10-23,-0.00156707,1.61982933,-0.07283905,0.00012801
2020-10-30,0.01583701,1.64548258,-0.05815559,0.00020042
2020-11-06,0.09150431,1.79605134,0.00000000,0.00011951
2020-11-13,-0.02525223,1.75069704,-0.02525223,0.00018821
2020-11-20,0.14354929,2.00200836,0.00000000,0.00017849
2020-11-27,-0.00433662,1.99332641,-0.00433662,0.00007007
2020-12-04,-0.01009627,1.97320126,-0.01438910,0.00017080
2020-12-11,-0.00272494,1.96782440,-0.01707483,0.00013316
2020-12-18,0.00860295,1.98475350,-0.00861877,0.00001058
2020-12-24,0.01787145,2.02022392,0.00000000,0.00013386
2020-12-31,0.04919691,2.11961269,0.00000000,0.00018030
2021-01-08,0.04604576,2.21721188,0.00000000,0.00025219
2021-01-15,0.02033248,2.26229329,0.00000000,0.00025701
2021-01-22,0.06857249,2.41742437,0.00000000,0.00017294
2021-01-29,-0.04239979,2.31492608,-0.04239979,0.00010757
2021-02-05,0.06316755,2.46115429,0.00000000,0.00012357
2021-02-11,0.04070343,2.56133170,0.00000000,0.00010856
2021-02-19,-0.01767618,2.51605714,-0.01767618,0.00012248
2021-02-26,-0.15366618,2.12942425,-0.16862613,0.00010052
2021-03-05,-0.00685242,2.11483254,-0.17432305,0.00003537
2021-03-12,-0.01728188,2.07828426,-0.18859230,0.00015203
2021-03-19,-0.01940631,2.03795244,-0.20433873,0.00006118
2021-03-26,-0.01590986,2.00552889,-0.21699759,0.00013136
2021-04-01,0.03413650,2.07399064,-0.19026863,0.00020040
2021-04-09,-0.02487012,2.02241024,-0.21040674,0.00021568
2021-04-16,0.00631659,2.03518498,-0.20541921,0.00014012
2021-04-23,0.01888757,2.07362469,-0.19041150,0.00014795
2021-04-30,-0.03270886,2.00579879,-0.21689222,0.00014504
2021-05-07,0.00987246,2.02560096,-0.20916102,0.00038280
2021-05-14,-0.03323748,1.95827510,-0.23544651,0.00017946
2021-05-21,0.02539721,2.00800983,-0.21602898,0.00018678
2021-05-28,0.05495102,2.11835202,-0.17294897,0.00010233
2021-06-04,-0.00419915,2.10945674,-0.17642189,0.00017302
2021-06-11,0.00282576,2.11541755,-0.17409465,0.00018089
2021-06-18,0.00556085,2.12718108,-0.16950191,0.00029163
2021-06-25,0.02971077,2.19038126,-0.14482718,0.00017773
2021-07-02,-0.02581445,2.13383778,-0.16690299,0.00028477
2021-07-09,0.00688799,2.14853563,-0.16116463,0.00030353
2021-07-16,0.01823783,2.18772026,-0.14586609,0.00010439
2021-07-23,-0.04519332,2.08884991,-0.18446724,0.00008115
2021-07-30,-0.02296188,2.04088599,-0.20319341,0.00027550
2021-08-06,0.03126336,2.10469094,-0.17828256,0.00028104
2021-08-13,0.02792172,2.16345753,-0.15533879,0.00017288
2021-08-20,-0.07215268,2.00735828,-0.21628336,0.00020625
2021-08-27,0.01511515,2.03769979,-0.20443737,0.00010708
2021-09-03,0.00784296,2.05368140,-0.19819780,0.00028080
2021-09-10,0.03490070,2.12535631,-0.17021434,0.00018275
2021-09-17,-0.02405979,2.07422068,-0.19017881,0.00009875
2021-09-24,-0.04398028,1.98299587,-0.22579498,0.00017065
2021-09-30,0.00736471,1.99760006,-0.22009318,0.00018957
2021-10-08,-0.00390978,1.98978988,-0.22314244,0.00004623
2021-10-15,0.01375379,2.01715703,-0.21245771,0.00015023
2021-10-22,0.02409565,2.06576174,-0.19348137,0.00000673
2021-10-29,-0.00222996,2.06115517,-0.19527987,0.00001954
2021-11-05,-0.04478657,1.96884310,-0.23132053,0.00015048
2021-11-12,0.00225327,1.97327944,-0.22958848,0.00032664
2021-11-19,-0.00073104,1.97183690,-0.23015168,0.00019751
2021-11-26,-0.01871275,1.93493840,-0.24455767,0.00008493
2021-12-03,0.00800944,1.95043616,-0.23850700,0.00013836
2021-12-10,-0.00222203,1.94610223,-0.24019906,0.00015015
2021-12-17,-0.02457741,1.89827208,-0.25887300,0.00021069
2021-12-24,-0.00577483,1.88730989,-0.26315288,0.00013786
2021-12-31,-0.00123699,1.88497531,-0.26406435,0.00011447
2022-01-07,0.03101979,1.94344685,-0.24123578,0.00011968
2022-01-14,0.02303828,1.98822052,-0.22375516,0.00020072
2022-01-21,0.01454856,2.01714627,-0.21246191,0.00014562
2022-01-28,-0.00496952,2.00712203,-0.21637560,0.00021274
2022-02-04,0.01777139,2.04279137,-0.20244950,0.00015050
2022-02-11,0.02583831,2.09557365,-0.18184214,0.00006620
2022-02-18,-0.01635093,2.06130908,-0.19521979,0.00000000
2022-02-25,-0.03085998,1.99769713,-0.22005528,0.00006303
2022-03-04,0.00791125,2.01350141,-0.21388495,0.00000000
2022-03-11,-0.02606947,1.96101050,-0.23437855,0.00006443
2022-03-18,0.00899602,1.97865180,-0.22749100,0.00001216
2022-03-25,0.01836855,2.01499676,-0.21330113,0.00007082
2022-04-01,0.02666736,2.06873140,-0.19232195,0.00000796
2022-04-08,0.00370659,2.07639935,-0.18932821,0.00048222
2022-04-14,0.00000000,2.07639935,-0.18932821,0.00000000
2022-04-22,0.00000000,2.07639935,-0.18932821,0.00000000
2022-04-29,0.00000000,2.07639935,-0.18932821,0.00000000
2022-05-06,0.00000000,2.07639935,-0.18932821,0.00000000
2022-05-13,0.00000000,2.07639935,-0.18932821,0.00000000
2022-05-20,0.00000000,2.07639935,-0.18932821,0.00000000
2022-05-27,0.00000000,2.07639935,-0.18932821,0.00000000
2022-06-02,0.00000000,2.07639935,-0.18932821,0.00000000
2022-06-10,0.00000000,2.07639935,-0.18932821,0.00000000
2022-06-17,0.00000000,2.07639935,-0.18932821,0.00000000
2022-06-24,0.00000000,2.07639935,-0.18932821,0.00000000
2022-06-30,0.00253225,2.08165731,-0.18727539,0.00046708
2022-07-08,-0.01025399,2.06031203,-0.19560906,0.00031710
2022-07-15,-0.03854379,1.98089979,-0.22661333,0.00028012
2022-07-22,0.02097281,2.02244484,-0.21039324,0.00045834
2022-07-29,0.00376148,2.03005222,-0.20742315,0.00045495
2022-08-05,-0.00665064,2.01655107,-0.21269429,0.00018359
2022-08-12,0.00759723,2.03187128,-0.20671295,0.00006061
2022-08-19,-0.00500537,2.02170101,-0.21068364,0.00046755
2022-08-26,0.00380409,2.02939175,-0.20768101,0.00045478
2022-09-02,-0.01785203,1.99316299,-0.22182551,0.00013810
2022-09-09,0.00370475,2.00054716,-0.21894257,0.00046956
2022-09-16,0.00000000,2.00054716,-0.21894257,0.00000000
2022-09-23,0.00000000,2.00054716,-0.21894257,0.00000000
2022-09-30,0.00000000,2.00054716,-0.21894257,0.00000000
2022-10-07,0.00000000,2.00054716,-0.21894257,0.00000000
2022-10-14,0.00000000,2.00054716,-0.21894257,0.00000000
2022-10-21,0.00000000,2.00054716,-0.21894257,0.00000000
2022-10-28,0.00000000,2.00054716,-0.21894257,0.00000000
2022-11-04,0.00000000,2.00054716,-0.21894257,0.00000000
2022-11-11,0.00000000,2.00054716,-0.21894257,0.00000000
2022-11-18,0.00000000,2.00054716,-0.21894257,0.00000000
2022-11-25,0.02806685,2.05669621,-0.19702075,0.00045002
2022-12-02,0.00311565,2.06310415,-0.19451895,0.00040765
2022-12-09,0.00999527,2.08372544,-0.18646795,0.00000000
2022-12-16,-0.00038571,2.08292172,-0.18678174,0.00000000
2022-12-23,0.00151670,2.08608088,-0.18554833,0.00007234
2022-12-30,0.01154178,2.11015797,-0.17614811,0.00013914
2023-01-06,0.01833692,2.14885176,-0.16104120,0.00007167
2023-01-13,0.03527544,2.22465344,-0.13144657,0.00023530
2023-01-20,0.02737468,2.28555262,-0.10767019,0.00009272
2023-01-27,0.01742885,2.32538717,-0.09211791,0.00017664
2023-02-03,-0.02717068,2.26220481,-0.11678569,0.00017338
2023-02-10,-0.00453843,2.25193794,-0.12079410,0.00018600
2023-02-17,0.00000992,2.25196029,-0.12078538,0.00007761
2023-02-24,0.00186784,2.25616658,-0.11914315,0.00000000
2023-03-03,0.03507474,2.33530103,-0.08824733,0.00000000
2023-03-10,-0.01117309,2.30920850,-0.09843442,0.00001788
2023-03-17,0.03142573,2.38177706,-0.07010206,0.00000000
2023-03-24,-0.02268430,2.32774813,-0.09119614,0.00010336
2023-03-31,0.01476462,2.36211644,-0.07777800,0.00000797
2023-04-06,0.02047084,2.41047096,-0.05889934,0.00026390
2023-04-14,0.02038611,2.45961109,-0.03971395,0.00032859
2023-04-21,-0.00459795,2.44830191,-0.04412931,0.00000991
2023-04-28,0.01330967,2.48088800,-0.03140698,0.00016987
2023-05-05,0.01022271,2.50624941,-0.02150534,0.00011036
2023-05-12,-0.02197163,2.45118301,-0.04300446,0.00022537
2023-05-19,0.00821909,2.47132950,-0.03513883,0.00029084
2023-05-25,-0.03580058,2.38285447,-0.06968142,0.00011177
2023-06-02,-0.00483898,2.37132390,-0.07418321,0.00015903
2023-06-09,0.04383269,2.47526541,-0.03360216,0.00016512
2023-06-16,-0.01814496,2.43035181,-0.05113742,0.00008769
2023-06-23,-0.02478729,2.37010998,-0.07465715,0.00018655
2023-06-30,0.00867272,2.39066529,-0.06663191,0.00019312
2023-07-07,-0.00165380,2.38671162,-0.06817551,0.00007325
2023-07-14,0.04312687,2.48964303,-0.02798883,0.00021768
2023-07-21,-0.00627259,2.47402652,-0.03408586,0.00000000
2023-07-28,0.00973160,2.49810276,-0.02468597,0.00000000
2023-08-04,-0.01992871,2.44831880,-0.04412271,0.00000000
2023-08-11,0.00608999,2.46322904,-0.03830143,0.00009227
2023-08-18,-0.04185375,2.36013366,-0.07855212,0.00007564
2023-08-25,0.00363725,2.36871806,-0.07520058,0.00020953
2023-09-01,0.01686964,2.40867748,-0.05959955,0.00000000
2023-09-22,0.00883387,2.42995542,-0.05129218,0.00008104
2023-09-29,-0.00760470,2.41147634,-0.05850682,0.00000000
2023-10-06,-0.01745172,2.36939192,-0.07493749,0.00000712
2023-10-13,0.01427426,2.40321323,-0.06173291,0.00000000
2023-10-20,-0.01798540,2.35999048,-0.07860802,0.00000000
2023-10-27,-0.00719969,2.34299929,-0.08524176,0.00000000
2023-11-03,0.00362853,2.35150093,-0.08192253,0.00006963
2023-11-10,-0.01299931,2.32093303,-0.09385691,0.00008659
2023-11-17,0.01574677,2.35748024,-0.07958808,0.00000000
2023-11-24,0.00932154,2.37945559,-0.07100842,0.00000000
2023-12-01,-0.01069787,2.35400048,-0.08094665,0.00016663
2023-12-08,-0.01139810,2.32716935,-0.09142211,0.00023021
2023-12-15,-0.00248291,2.32139120,-0.09367803,0.00052216
2023-12-22,-0.00897080,2.30056647,-0.10180846,0.00052220
2023-12-29,0.02326938,2.35409923,-0.08090810,0.00011029
2024-01-05,0.00775316,2.37235094,-0.07378223,0.00028353
2024-01-12,-0.00676298,2.35630679,-0.08004622,0.00053986
2024-01-19,0.00000000,2.35630679,-0.08004622,0.00000000
2024-01-26,0.00000000,2.35630679,-0.08004622,0.00000000
2024-02-02,0.00000000,2.35630679,-0.08004622,0.00000000
2024-02-09,0.00000000,2.35630679,-0.08004622,0.00000000
2024-02-16,0.00000000,2.35630679,-0.08004622,0.00000000
2024-02-23,0.00000000,2.35630679,-0.08004622,0.00000000
2024-03-01,0.00000000,2.35630679,-0.08004622,0.00000000
2024-03-08,0.00000000,2.35630679,-0.08004622,0.00000000
2024-03-15,0.00000000,2.35630679,-0.08004622,0.00000000
2024-03-22,0.00402640,2.36579421,-0.07634212,0.00053005
2024-03-28,0.00425751,2.37586660,-0.07240964,0.00013624
2024-04-05,0.01896331,2.42092089,-0.05481946,0.00007260
2024-04-12,0.01114119,2.44789284,-0.04428902,0.00006410
2024-04-19,0.01404219,2.48226662,-0.03086874,0.00000000
2024-04-26,-0.00553410,2.46852951,-0.03623201,0.00058103
2024-05-03,0.00465041,2.48000920,-0.03175009,0.00055529
2024-05-10,0.04765224,2.59818719,0.00000000,0.00019179
2024-05-17,0.01414521,2.63493910,0.00000000,0.00005916
2024-05-24,-0.00773668,2.61455342,-0.00773668,0.00012773
2024-05-31,-0.00919483,2.59051305,-0.01686037,0.00022677
2024-06-07,0.02847636,2.66428143,0.00000000,0.00011942
2024-06-14,-0.00346786,2.65504209,-0.00346786,0.00009741
2024-06-21,0.03049463,2.73600662,0.00000000,0.00008028
2024-06-28,0.00995388,2.76324051,0.00000000,0.00001120
2024-07-05,0.02594485,2.83493237,0.00000000,0.00009619
2024-07-12,0.01564181,2.87927586,0.00000000,0.00002276
2024-07-19,-0.05544916,2.71962243,-0.05544916,0.00009350
2024-07-26,-0.01539663,2.67774941,-0.06999206,0.00008988
2024-08-02,0.00634236,2.69473266,-0.06409361,0.00000000
2024-08-09,-0.00873826,2.67118540,-0.07227180,0.00020526
2024-08-16,0.03541558,2.76578697,-0.03941577,0.00010909
2024-08-23,0.01012365,2.79378684,-0.02969115,0.00000961
2024-08-30,-0.00261638,2.78647723,-0.03222985,0.00000997
2024-09-05,-0.04449256,2.66249971,-0.07528842,0.00003440
2024-09-13,-0.01555290,2.62109013,-0.08967037,0.00017733
2024-09-20,0.03170604,2.70419451,-0.06080742,0.00017741
2024-09-27,0.06558088,2.88153798,0.00000000,0.00010210
2024-10-04,0.06300555,3.06309086,0.00000000,0.00020827
2024-10-10,-0.05519195,2.89403290,-0.05519195,0.00026777
2024-10-18,0.00721204,2.91490477,-0.04837796,0.00021405
2024-10-25,-0.01056358,2.88411295,-0.05843049,0.00021889
2024-11-01,0.00981305,2.91241488,-0.04919083,0.00019859
2024-11-08,0.01080195,2.94387464,-0.03892024,0.00003831
2024-11-15,-0.05497594,2.78203238,-0.09175650,0.00011082
2024-11-22,-0.00188587,2.77678582,-0.09346933,0.00008197
2024-11-29,0.00038223,2.77784719,-0.09312283,0.00010216
2024-12-06,0.03354541,2.87103122,-0.06270126,0.00014605
2024-12-13,0.00687607,2.89077263,-0.05625632,0.00010808
2024-12-20,0.00956158,2.91841300,-0.04723264,0.00009247
2024-12-27,0.02546348,2.99272595,-0.02297187,0.00017954
2025-01-03,-0.01092693,2.96002465,-0.03364778,0.00012428
2025-01-10,-0.02822515,2.87647751,-0.06092322,0.00010833
2025-01-17,0.02257884,2.94142503,-0.03971996,0.00014284
2025-01-24,0.03076417,3.03191552,-0.01017774,0.00000977
2025-01-28,0.00935808,3.06028844,-0.00091490,0.00010577
2025-02-07,0.03126628,3.15597228,0.00000000,0.00024604
2025-02-14,0.06412043,3.35833458,0.00000000,0.00039695
2025-02-21,0.03281056,3.46852342,0.00000000,0.00000000
2025-02-28,-0.01959292,3.40056492,-0.01959292,0.00014276
2025-03-07,0.04313979,3.54726458,0.00000000,0.00030485
2025-03-14,0.01127752,3.58726892,0.00000000,0.00028506
2025-03-21,-0.00923258,3.55414915,-0.00923258,0.00014653
2025-03-28,-0.02029308,3.48202451,-0.02933831,0.00011409
2025-04-03,-0.02707502,3.38774863,-0.05561899,0.00022121
2025-04-11,-0.06630167,3.16313525,-0.11823303,0.00021237
2025-04-17,0.02047252,3.22789258,-0.10018104,0.00025004
2025-04-25,0.03187643,3.33078626,-0.07149803,0.00011829
2025-05-02,0.00515800,3.34796647,-0.06670881,0.00011288
2025-05-09,0.01685794,3.40440629,-0.05097544,0.00012808
2025-05-16,0.03882953,3.53659780,-0.01412526,0.00011320
2025-05-23,0.01707615,3.59698928,0.00000000,0.00000000
2025-05-30,0.05825221,3.80652186,0.00000000,0.00018774
2025-06-06,0.02828169,3.91417674,0.00000000,0.00047563
2025-06-13,0.01518069,3.97359663,0.00000000,0.00012785
2025-06-20,0.00711407,4.00186509,0.00000000,0.00026866
2025-06-27,0.02783044,4.11323878,0.00000000,0.00014792
2025-07-04,-0.00866067,4.07761539,-0.00866067,0.00026323
2025-07-11,0.00906051,4.11456068,0.00000000,0.00028001
2025-07-18,0.00764451,4.14601447,0.00000000,0.00033308
2025-07-25,0.02234548,4.23865914,0.00000000,0.00015031
2025-08-01,-0.03927641,4.07217984,-0.03927641,0.00021620
2025-08-08,0.01932416,4.15087130,-0.02071123,0.00018150
2025-08-15,0.03520449,4.29700061,0.00000000,0.00045430
2025-08-22,0.02368253,4.39876444,0.00000000,0.00039438
2025-08-29,-0.00631308,4.37099470,-0.00631308,0.00015483
2025-09-05,0.00379253,4.38757181,-0.00254449,0.00032429
2025-09-12,0.03653956,4.54789175,0.00000000,0.00021143
2025-09-19,-0.01960774,4.45871786,-0.01960774,0.00016284
2025-09-26,-0.01742649,4.38101806,-0.03669254,0.00032011
2025-10-03,0.04154978,4.56304840,0.00000000,0.00018604
2025-10-10,-0.02329158,4.45676781,-0.02329158,0.00020833
2025-10-17,-0.01786970,4.37712672,-0.04074506,0.00017709
2025-10-24,0.03808096,4.54381192,-0.00421571,0.00021405
2025-10-31,-0.01333793,4.48320686,-0.01749741,0.00034560
2025-11-07,0.02572643,4.59854377,0.00000000,0.00046505
2025-11-14,0.02204190,4.69990443,0.00000000,0.00069521
2025-11-21,-0.05905552,4.42234913,-0.05905552,0.00031941
2025-11-28,0.01342115,4.48170215,-0.04642696,0.00027818
2025-12-05,0.01527106,4.55014251,-0.03186489,0.00054728
2025-12-12,-0.02144897,4.45254665,-0.05263038,0.00050071
2025-12-19,-0.00999862,4.40802733,-0.06210277,0.00019059
2025-12-24,0.01035859,4.45368828,-0.05238748,0.00033929
2026-01-02,0.03384359,4.60441708,-0.02031687,0.00016970
2026-01-09,-0.00444351,4.58395729,-0.02467011,0.00015884
2026-01-16,0.01832299,4.66794907,-0.00679915,0.00036069
2026-01-23,-0.01724307,4.58745932,-0.02392498,0.00032566
2026-01-30,0.04418448,4.79015384,0.00000000,0.00033784
2026-02-06,-0.04589670,4.57030160,-0.04589670,0.00016287
2026-02-13,0.00161262,4.57767174,-0.04435810,0.00031136
2026-02-20,0.01935013,4.66625028,-0.02586630,0.00073571
2026-02-27,0.01870732,4.75354334,-0.00764287,0.00001608
2026-03-06,-0.02681359,4.62608380,-0.03425152,0.00006450
2026-03-13,-0.01720807,4.54647784,-0.05087018,0.00005377
2026-03-20,-0.00954105,4.50309967,-0.05992588,0.00011221
2026-03-27,-0.02051173,4.41073333,-0.07920842,0.00052439
2026-04-02,0.01398540,4.47241919,-0.06633078,0.00035967
2026-04-10,0.01643294,4.54591418,-0.05098785,0.00027141
2026-04-17,0.00277609,4.55853405,-0.04835331,0.00001504
2026-04-24,0.02528170,4.67378153,-0.02429407,0.00017112
2026-04-30,0.00209510,4.68357357,-0.02224986,0.00030345
2026-05-08,-0.02486095,4.56713546,-0.04655767,0.00036143
