date,one_way_turnover,two_way_turnover,buy_amount,sell_amount,trading_cost,buy_cost,sell_commission,sell_stamp_duty,event_type,trade_details_json,signal_date,evaluation_date,trade_date,risk_stage
2025-02-03,0.49985004,0.99970009,0.99970009,0.00000000,0.00029991,0.00029991,0.00000000,0.00000000,rebalance,"[{""ts_code"": ""00005.HK"", ""side"": ""buy"", ""current_weight"": 0.0, ""target_weight"": 0.0942043860663202, ""post_trade_weight"": 0.0942326473821401, ""diff_weight"": 0.0942043860663202, ""gross_amount"": 0.0942043860663202, ""gross_amount_pct_nav"": 0.0942043860663202, ""fee"": 2.826131581989606e-05, ""fee_pct_nav"": 2.826131581989606e-05, ""name"": ""汇丰控股""}, {""ts_code"": ""00939.HK"", ""side"": ""buy"", ""current_weight"": 0.0, ""target_weight"": 0.1083239546848828, ""post_trade_weight"": 0.10835645187128827, ""diff_weight"": 0.1083239546848828, ""gross_amount"": 0.1083239546848828, ""gross_amount_pct_nav"": 0.1083239546848828, ""fee"": 3.249718640546484e-05, ""fee_pct_nav"": 3.249718640546484e-05, ""name"": ""建设银行""}, {""ts_code"": ""00981.HK"", ""side"": ""buy"", ""current_weight"": 0.0, ""target_weight"": 0.05902785522278524, ""post_trade_weight"": 0.059045563579352076, ""diff_weight"": 0.05902785522278524, ""gross_amount"": 0.05902785522278524, ""gross_amount_pct_nav"": 0.05902785522278524, ""fee"": 1.770835656683557e-05, ""fee_pct_nav"": 1.770835656683557e-05, ""name"": ""中芯国际""}, {""ts_code"": ""00998.HK"", ""side"": ""buy"", ""current_weight"": 0.0, ""target_weight"": 0.061991017180003875, ""post_trade_weight"": 0.06200961448515788, ""diff_weight"": 0.061991017180003875, ""gross_amount"": 0.061991017180003875, ""gross_amount_pct_nav"": 0.061991017180003875, ""fee"": 1.859730515400116e-05, ""fee_pct_nav"": 1.859730515400116e-05, ""name"": ""中信银行""}, {""ts_code"": ""01211.HK"", ""side"": ""buy"", ""current_weight"": 0.0, ""target_weight"": 0.05331542469908454, ""post_trade_weight"": 0.05333141932649427, ""diff_weight"": 0.05331542469908454, ""gross_amount"": 0.05331542469908454, ""gross_amount_pct_nav"": 0.05331542469908454, ""fee"": 1.599462740972536e-05, ""fee_pct_nav"": 1.599462740972536e-05, ""name"": ""比亚迪股份""}, {""ts_code"": ""01339.HK"", ""side"": ""buy"", ""current_weight"": 0.0, ""target_weight"": 0.05073809189491351, ""post_trade_weight"": 0.05075331332248199, ""diff_weight"": 0.05073809189491351, ""gross_amount"": 0.05073809189491351, ""gross_amount_pct_nav"": 0.05073809189491351, ""fee"": 1.5221427568474052e-05, ""fee_pct_nav"": 1.5221427568474052e-05, ""name"": ""中国人民保险集团""}, {""ts_code"": ""01398.HK"", ""side"": ""buy"", ""current_weight"": 0.0, ""target_weight"": 0.12109383981632064, ""post_trade_weight"": 0.12113016796826555, ""diff_weight"": 0.12109383981632064, ""gross_amount"": 0.12109383981632064, ""gross_amount_pct_nav"": 0.12109383981632064, ""fee"": 3.632815194489619e-05, ""fee_pct_nav"": 3.632815194489619e-05, ""name"": ""工商银行""}, {""ts_code"": ""01810.HK"", ""side"": ""buy"", ""current_weight"": 0.0, ""target_weight"": 0.0884570249168011, ""post_trade_weight"": 0.08848356202427614, ""diff_weight"": 0.0884570249168011, ""gross_amount"": 0.0884570249168011, ""gross_amount_pct_nav"": 0.0884570249168011, ""fee"": 2.653710747504033e-05, ""fee_pct_nav"": 2.653710747504033e-05, ""name"": ""小米集团-W""}, {""ts_code"": ""01988.HK"", ""side"": ""buy"", ""current_weight"": 0.0, ""target_weight"": 0.04250697665564136, ""post_trade_weight"": 0.042519728748638054, ""diff_weight"": 0.04250697665564136, ""gross_amount"": 0.04250697665564136, ""gross_amount_pct_nav"": 0.04250697665564136, ""fee"": 1.2752092996692408e-05, ""fee_pct_nav"": 1.2752092996692408e-05, ""name"": ""民生银行""}, {""ts_code"": ""02618.HK"", ""side"": ""buy"", ""current_weight"": 0.0, ""target_weight"": 0.041315997409593595, ""post_trade_weight"": 0.041328392208816477, ""diff_weight"": 0.041315997409593595, ""gross_amount"": 0.041315997409593595, ""gross_amount_pct_nav"": 0.041315997409593595, ""fee"": 1.2394799222878078e-05, ""fee_pct_nav"": 1.2394799222878078e-05, ""name"": ""京东物流""}, {""ts_code"": ""03328.HK"", ""side"": ""buy"", ""current_weight"": 0.0, ""target_weight"": 0.053520656023812535, ""post_trade_weight"": 0.05353671222061968, ""diff_weight"": 0.053520656023812535, ""gross_amount"": 0.053520656023812535, ""gross_amount_pct_nav"": 0.053520656023812535, ""fee"": 1.605619680714376e-05, ""fee_pct_nav"": 1.605619680714376e-05, ""name"": ""交通银行""}, {""ts_code"": ""03968.HK"", ""side"": ""buy"", ""current_weight"": 0.0, ""target_weight"": 0.07237223046027089, ""post_trade_weight"": 0.07239394212940897, ""diff_weight"": 0.07237223046027089, ""gross_amount"": 0.07237223046027089, ""gross_amount_pct_nav"": 0.07237223046027089, ""fee"": 2.1711669138081264e-05, ""fee_pct_nav"": 2.1711669138081264e-05, ""name"": ""招商银行""}, {""ts_code"": ""03988.HK"", ""side"": ""buy"", ""current_weight"": 0.0, ""target_weight"": 0.09692008753345334, ""post_trade_weight"": 0.09694916355971338, ""diff_weight"": 0.09692008753345334, ""gross_amount"": 0.09692008753345334, ""gross_amount_pct_nav"": 0.09692008753345334, ""fee"": 2.9076026260036e-05, ""fee_pct_nav"": 2.9076026260036e-05, ""name"": ""中国银行""}, {""ts_code"": ""09992.HK"", ""side"": ""buy"", ""current_weight"": 0.0, ""target_weight"": 0.05591254740911643, ""post_trade_weight"": 0.055929321173339167, ""diff_weight"": 0.05591254740911643, ""gross_amount"": 0.05591254740911643, ""gross_amount_pct_nav"": 0.05591254740911643, ""fee"": 1.6773764222734927e-05, ""fee_pct_nav"": 1.6773764222734927e-05, ""name"": ""泡泡玛特""}]",,,,
2025-02-07,0.00000000,0.00000000,0.00000000,0.00000000,0.00000000,0.00000000,0.00000000,0.00000000,weekly_portfolio_overlay,,2025-02-07,2025-02-07,2025-02-10,risk_on
2025-02-14,0.00000000,0.00000000,0.00000000,0.00000000,0.00000000,0.00000000,0.00000000,0.00000000,weekly_portfolio_overlay,,2025-02-14,2025-02-14,2025-02-17,risk_on
2025-02-21,0.01564454,0.03128908,0.00000000,0.03539181,0.00001062,0.00000000,0.00001062,0.00000000,weekly_portfolio_overlay,"[{""ts_code"": ""01211.HK"", ""side"": ""sell"", ""current_weight"": 0.06677163291240433, ""target_weight"": 0.053330918719142126, ""post_trade_weight"": 0.05333141932649559, ""diff_weight"": -0.013440714193262197, ""gross_amount"": 0.01520310484758993, ""gross_amount_pct_nav"": 0.013440714193262197, ""fee"": 4.560931454276979e-06, ""fee_pct_nav"": 4.032214257978659e-06, ""name"": ""比亚迪股份""}, {""ts_code"": ""01810.HK"", ""side"": ""sell"", ""current_weight"": 0.10633109974269861, ""target_weight"": 0.0884827314534372, ""post_trade_weight"": 0.08848356202427836, ""diff_weight"": -0.01784836828926141, ""gross_amount"": 0.02018870504634851, ""gross_amount_pct_nav"": 0.01784836828926141, ""fee"": 6.056611513904553e-06, ""fee_pct_nav"": 5.3545104867784236e-06, ""name"": ""小米集团-W""}]",2025-02-21,2025-02-21,2025-02-24,risk_on
2025-03-03,0.39358101,0.78716202,0.46640651,0.41779643,0.00026526,0.00013992,0.00012534,0.00000000,rebalance,"[{""ts_code"": ""00700.HK"", ""side"": ""buy"", ""current_weight"": 0.0, ""target_weight"": 0.1217494415335393, ""post_trade_weight"": 0.12177819928569103, ""diff_weight"": 0.1217494415335393, ""gross_amount"": 0.13675864725494039, ""gross_amount_pct_nav"": 0.1217494415335393, ""fee"": 4.102759417648211e-05, ""fee_pct_nav"": 3.6524832460061785e-05, ""name"": ""腾讯控股""}, {""ts_code"": ""00939.HK"", ""side"": ""sell"", ""current_weight"": 0.1010203313119018, ""target_weight"": 0.08426154111970695, ""post_trade_weight"": 0.08428144406533791, ""diff_weight"": -0.01675879019219486, ""gross_amount"": 0.018824804840542622, ""gross_amount_pct_nav"": 0.01675879019219486, ""fee"": 5.6474414521627865e-06, ""fee_pct_nav"": 5.027637057658458e-06, ""name"": ""建设银行""}, {""ts_code"": ""00941.HK"", ""side"": ""buy"", ""current_weight"": 0.0, ""target_weight"": 0.05951951949193801, ""post_trade_weight"": 0.05953357826352809, ""diff_weight"": 0.05951951949193801, ""gross_amount"": 0.06685705386779257, ""gross_amount_pct_nav"": 0.05951951949193801, ""fee"": 2.005711616033777e-05, ""fee_pct_nav"": 1.78558558475814e-05, ""name"": ""中国移动""}, {""ts_code"": ""00981.HK"", ""side"": ""sell"", ""current_weight"": 0.06446415301264728, ""target_weight"": 0.045415454670994095, ""post_trade_weight"": 0.0454261820006051, ""diff_weight"": -0.01904869834165319, ""gross_amount"": 0.021397011636018683, ""gross_amount_pct_nav"": 0.01904869834165319, ""fee"": 6.419103490805604e-06, ""fee_pct_nav"": 5.714609502495957e-06, ""name"": ""中芯国际""}, {""ts_code"": ""00998.HK"", ""side"": ""sell"", ""current_weight"": 0.05861783175184005, ""target_weight"": 0.04731040978405001, ""post_trade_weight"": 0.04732158471037106, ""diff_weight"": -0.01130742196779004, ""gross_amount"": 0.012701394871119522, ""gross_amount_pct_nav"": 0.01130742196779004, ""fee"": 3.810418461335856e-06, ""fee_pct_nav"": 3.392226590337012e-06, ""name"": ""中信银行""}, {""ts_code"": ""01211.HK"", ""side"": ""sell"", ""current_weight"": 0.050196734362625034, ""target_weight"": 0.0, ""post_trade_weight"": 0.0, ""diff_weight"": -0.050196734362625034, ""gross_amount"": 0.056384960798009656, ""gross_amount_pct_nav"": 0.050196734362625034, ""fee"": 1.6915488239402897e-05, ""fee_pct_nav"": 1.505902030878751e-05, ""name"": ""比亚迪股份""}, {""ts_code"": ""01288.HK"", ""side"": ""buy"", ""current_weight"": 0.0, ""target_weight"": 0.08665831726203128, ""post_trade_weight"": 0.08667878633670069, ""diff_weight"": 0.08665831726203128, ""gross_amount"": 0.09734150804199034, ""gross_amount_pct_nav"": 0.08665831726203128, ""fee"": 2.9202452412597096e-05, ""fee_pct_nav"": 2.599749517860938e-05, ""name"": ""农业银行""}, {""ts_code"": ""01339.HK"", ""side"": ""sell"", ""current_weight"": 0.044367101308582846, ""target_weight"": 0.0, ""post_trade_weight"": 0.0, ""diff_weight"": -0.044367101308582846, ""gross_amount"": 0.04983665371403941, ""gross_amount_pct_nav"": 0.044367101308582846, ""fee"": 1.4950996114211822e-05, ""fee_pct_nav"": 1.3310130392574853e-05, ""name"": ""中国人民保险集团""}, {""ts_code"": ""01398.HK"", ""side"": ""sell"", ""current_weight"": 0.11270401487799794, ""target_weight"": 0.09830926493154281, ""post_trade_weight"": 0.09833248601115935, ""diff_weight"": -0.014394749946455138, ""gross_amount"": 0.016169326983795834, ""gross_amount_pct_nav"": 0.014394749946455138, ""fee"": 4.85079809513875e-06, ""fee_pct_nav"": 4.318424983936541e-06, ""name"": ""工商银行""}, {""ts_code"": ""01810.HK"", ""side"": ""sell"", ""current_weight"": 0.08797821237453612, ""target_weight"": 0.07252904953666715, ""post_trade_weight"": 0.0725461812163209, ""diff_weight"": -0.01544916283786897, ""gross_amount"": 0.017353727329798257, ""gross_amount_pct_nav"": 0.01544916283786897, ""fee"": 5.206118198939477e-06, ""fee_pct_nav"": 4.63474885136069e-06, ""name"": ""小米集团-W""}, {""ts_code"": ""01988.HK"", ""side"": ""sell"", ""current_weight"": 0.038045304140187586, ""target_weight"": 0.0, ""post_trade_weight"": 0.0, ""diff_weight"": -0.038045304140187586, ""gross_amount"": 0.042735508788198574, ""gross_amount_pct_nav"": 0.038045304140187586, ""fee"": 1.2820652636459572e-05, ""fee_pct_nav"": 1.1413591242056276e-05, ""name"": ""民生银行""}, {""ts_code"": ""02318.HK"", ""side"": ""buy"", ""current_weight"": 0.0, ""target_weight"": 0.04731864716405582, ""post_trade_weight"": 0.047329824036082165, ""diff_weight"": 0.04731864716405582, ""gross_amount"": 0.053152064556348806, ""gross_amount_pct_nav"": 0.04731864716405582, ""fee"": 1.594561936690464e-05, ""fee_pct_nav"": 1.4195594149216746e-05, ""name"": ""中国平安""}, {""ts_code"": ""02618.HK"", ""side"": ""sell"", ""current_weight"": 0.040276406915730756, ""target_weight"": 0.0, ""post_trade_weight"": 0.0, ""diff_weight"": -0.040276406915730756, ""gross_amount"": 0.04524166071486652, ""gross_amount_pct_nav"": 0.040276406915730756, ""fee"": 1.3572498214459956e-05, ""fee_pct_nav"": 1.2082922074719225e-05, ""name"": ""京东物流""}, {""ts_code"": ""02628.HK"", ""side"": ""buy"", ""current_weight"": 0.0, ""target_weight"": 0.050197824412168926, ""post_trade_weight"": 0.050209681358490965, ""diff_weight"": 0.050197824412168926, ""gross_amount"": 0.0563861852282755, ""gross_amount_pct_nav"": 0.050197824412168926, ""fee"": 1.6915855568482648e-05, ""fee_pct_nav"": 1.5059347323650676e-05, ""name"": ""中国人寿""}, {""ts_code"": ""03328.HK"", ""side"": ""sell"", ""current_weight"": 0.05094069550238625, ""target_weight"": 0.0, ""post_trade_weight"": 0.0, ""diff_weight"": -0.05094069550238625, ""gross_amount"": 0.0572206370672594, ""gross_amount_pct_nav"": 0.05094069550238625, ""fee"": 1.7166191120177818e-05, ""fee_pct_nav"": 1.5282208650715873e-05, ""name"": ""交通银行""}, {""ts_code"": ""03690.HK"", ""side"": ""buy"", ""current_weight"": 0.0, ""target_weight"": 0.04977483170548844, ""post_trade_weight"": 0.049786588739077674, ""diff_weight"": 0.04977483170548844, ""gross_amount"": 0.05591104620804112, ""gross_amount_pct_nav"": 0.04977483170548844, ""fee"": 1.6773313862412334e-05, ""fee_pct_nav"": 1.4932449511646532e-05, ""name"": ""美团-W""}, {""ts_code"": ""03988.HK"", ""side"": ""sell"", ""current_weight"": 0.09553545506769857, ""target_weight"": 0.08336707550878723, ""post_trade_weight"": 0.08338676717771729, ""diff_weight"": -0.012168379558911332, ""gross_amount"": 0.013668490851376516, ""gross_amount_pct_nav"": 0.012168379558911332, ""fee"": 4.100547255412955e-06, ""fee_pct_nav"": 3.6505138676733997e-06, ""name"": ""中国银行""}, {""ts_code"": ""09992.HK"", ""side"": ""sell"", ""current_weight"": 0.05898999744100759, ""target_weight"": 0.0, ""post_trade_weight"": 0.0, ""diff_weight"": -0.05898999744100759, ""gross_amount"": 0.06626225262300035, ""gross_amount_pct_nav"": 0.05898999744100759, ""fee"": 1.9878675786900105e-05, ""fee_pct_nav"": 1.7696999232302276e-05, ""name"": ""泡泡玛特""}]",,,,
2025-03-07,0.00000000,0.00000000,0.00000000,0.00000000,0.00000000,0.00000000,0.00000000,0.00000000,weekly_portfolio_overlay,,2025-03-07,2025-03-07,2025-03-10,risk_on
2025-03-14,0.00000000,0.00000000,0.00000000,0.00000000,0.00000000,0.00000000,0.00000000,0.00000000,weekly_portfolio_overlay,,2025-03-14,2025-03-14,2025-03-17,risk_on
2025-03-21,0.00000000,0.00000000,0.00000000,0.00000000,0.00000000,0.00000000,0.00000000,0.00000000,weekly_portfolio_overlay,,2025-03-21,2025-03-21,2025-03-24,risk_on
2025-03-28,0.00000000,0.00000000,0.00000000,0.00000000,0.00000000,0.00000000,0.00000000,0.00000000,weekly_portfolio_overlay,,2025-03-28,2025-03-28,2025-03-31,risk_on
2025-04-01,0.15527199,0.31054398,0.17210012,0.17962625,0.00010552,0.00005163,0.00005389,0.00000000,rebalance,"[{""ts_code"": ""00005.HK"", ""side"": ""sell"", ""current_weight"": 0.0952232789728825, ""target_weight"": 0.08352199373081487, ""post_trade_weight"": 0.08352977563146181, ""diff_weight"": -0.011701285242067636, ""gross_amount"": 0.013253036097513382, ""gross_amount_pct_nav"": 0.011701285242067636, ""fee"": 3.975910829254014e-06, ""fee_pct_nav"": 3.51038557262029e-06, ""name"": ""汇丰控股""}, {""ts_code"": ""01211.HK"", ""side"": ""buy"", ""current_weight"": 0.0, ""target_weight"": 0.0570910018531407, ""post_trade_weight"": 0.05709632112875195, ""diff_weight"": 0.0570910018531407, ""gross_amount"": 0.06466205145420244, ""gross_amount_pct_nav"": 0.0570910018531407, ""fee"": 1.939861543626073e-05, ""fee_pct_nav"": 1.712730055594221e-05, ""name"": ""比亚迪股份""}, {""ts_code"": ""02318.HK"", ""side"": ""sell"", ""current_weight"": 0.04837263771476104, ""target_weight"": 0.0, ""post_trade_weight"": 0.0, ""diff_weight"": -0.04837263771476104, ""gross_amount"": 0.05478751269654415, ""gross_amount_pct_nav"": 0.04837263771476104, ""fee"": 1.6436253808963243e-05, ""fee_pct_nav"": 1.451179131442831e-05, ""name"": ""中国平安""}, {""ts_code"": ""02388.HK"", ""side"": ""buy"", ""current_weight"": 0.0, ""target_weight"": 0.04727246622690759, ""post_trade_weight"": 0.04727687069115804, ""diff_weight"": 0.04727246622690759, ""gross_amount"": 0.05354144338532374, ""gross_amount_pct_nav"": 0.04727246622690759, ""fee"": 1.606243301559712e-05, ""fee_pct_nav"": 1.4181739868072273e-05, ""name"": ""中银香港""}, {""ts_code"": ""02628.HK"", ""side"": ""sell"", ""current_weight"": 0.050582803206350044, ""target_weight"": 0.0, ""post_trade_weight"": 0.0, ""diff_weight"": -0.050582803206350044, ""gross_amount"": 0.057290776435146226, ""gross_amount_pct_nav"": 0.050582803206350044, ""fee"": 1.7187232930543865e-05, ""fee_pct_nav"": 1.517484096190501e-05, ""name"": ""中国人寿""}, {""ts_code"": ""03328.HK"", ""side"": ""buy"", ""current_weight"": 0.0, ""target_weight"": 0.04758606190765807, ""post_trade_weight"": 0.04759049559020567, ""diff_weight"": 0.04758606190765807, ""gross_amount"": 0.053896626152945604, ""gross_amount_pct_nav"": 0.04758606190765807, ""fee"": 1.616898784588368e-05, ""fee_pct_nav"": 1.4275818572297422e-05, ""name"": ""交通银行""}, {""ts_code"": ""03690.HK"", ""side"": ""sell"", ""current_weight"": 0.04793772205396722, ""target_weight"": 0.0, ""post_trade_weight"": 0.0, ""diff_weight"": -0.04793772205396722, ""gross_amount"": 0.054294921256148175, ""gross_amount_pct_nav"": 0.04793772205396722, ""fee"": 1.6288476376844453e-05, ""fee_pct_nav"": 1.4381316616190168e-05, ""name"": ""美团-W""}]",,,,
2025-04-03,0.00000000,0.00000000,0.00000000,0.00000000,0.00000000,0.00000000,0.00000000,0.00000000,weekly_portfolio_overlay,,2025-04-03,2025-04-03,2025-04-07,risk_on
2025-04-11,0.00000000,0.00000000,0.00000000,0.00000000,0.00000000,0.00000000,0.00000000,0.00000000,weekly_portfolio_overlay,,2025-04-11,2025-04-11,2025-04-14,risk_on
2025-04-17,0.00000000,0.00000000,0.00000000,0.00000000,0.00000000,0.00000000,0.00000000,0.00000000,weekly_portfolio_overlay,,2025-04-17,2025-04-17,2025-04-22,risk_on
2025-04-25,0.00537788,0.01075576,0.01204544,0.00000000,0.00000361,0.00000361,0.00000000,0.00000000,weekly_portfolio_overlay,"[{""ts_code"": ""00941.HK"", ""side"": ""buy"", ""current_weight"": 0.061820091930788815, ""target_weight"": 0.07257585443303183, ""post_trade_weight"": 0.07257608861638358, ""diff_weight"": 0.010755762502243004, ""gross_amount"": 0.012045441803778034, ""gross_amount_pct_nav"": 0.010755762502243004, ""fee"": 3.61363254113341e-06, ""fee_pct_nav"": 3.226728750672901e-06, ""name"": ""中国移动""}]",2025-04-25,2025-04-25,2025-04-28,risk_on
2025-05-02,0.01244989,0.02489978,0.01130588,0.01662286,0.00000838,0.00000339,0.00000499,0.00000000,rebalance,"[{""ts_code"": ""00005.HK"", ""side"": ""sell"", ""current_weight"": 0.08191543143909753, ""target_weight"": 0.06709537313038876, ""post_trade_weight"": 0.06709587433218134, ""diff_weight"": -0.014820058308708778, ""gross_amount"": 0.016622860519612467, ""gross_amount_pct_nav"": 0.014820058308708778, ""fee"": 4.9868581558837395e-06, ""fee_pct_nav"": 4.4460174926126325e-06, ""name"": ""汇丰控股""}, {""ts_code"": ""00700.HK"", ""side"": ""buy"", ""current_weight"": 0.12308746240169924, ""target_weight"": 0.13316718606305228, ""post_trade_weight"": 0.1331681808206526, ""diff_weight"": 0.010079723661353042, ""gross_amount"": 0.011305882676618667, ""gross_amount_pct_nav"": 0.010079723661353042, ""fee"": 3.3917648029856e-06, ""fee_pct_nav"": 3.0239170984059125e-06, ""name"": ""腾讯控股""}]",,,,
2025-05-09,0.00671049,0.01342099,0.00000000,0.01566712,0.00000470,0.00000000,0.00000470,0.00000000,weekly_portfolio_overlay,"[{""ts_code"": ""03968.HK"", ""side"": ""sell"", ""current_weight"": 0.07207002894251309, ""target_weight"": 0.058649039124929865, ""post_trade_weight"": 0.0586492752643277, ""diff_weight"": -0.013420989817583226, ""gross_amount"": 0.01566712073222759, ""gross_amount_pct_nav"": 0.013420989817583226, ""fee"": 4.700136219668277e-06, ""fee_pct_nav"": 4.026296945274968e-06, ""name"": ""招商银行""}]",2025-05-09,2025-05-09,2025-05-12,risk_on
2025-05-16,0.00000000,0.00000000,0.00000000,0.00000000,0.00000000,0.00000000,0.00000000,0.00000000,weekly_portfolio_overlay,,2025-05-16,2025-05-16,2025-05-19,risk_on
2025-05-23,0.01777372,0.03554744,0.04016887,0.00000000,0.00001205,0.00001205,0.00000000,0.00000000,weekly_portfolio_overlay,"[{""ts_code"": ""01211.HK"", ""side"": ""buy"", ""current_weight"": 0.020924354161441172, ""target_weight"": 0.05647179104693222, ""post_trade_weight"": 0.05647239328158301, ""diff_weight"": 0.03554743688549105, ""gross_amount"": 0.04016887291161235, ""gross_amount_pct_nav"": 0.03554743688549105, ""fee"": 1.2050661873483704e-05, ""fee_pct_nav"": 1.0664231065647315e-05, ""name"": ""比亚迪股份""}]",2025-05-23,2025-05-23,2025-05-26,risk_on
2025-06-02,0.16387195,0.32774389,0.17517602,0.23083147,0.00012180,0.00005255,0.00006925,0.00000000,rebalance,"[{""ts_code"": ""00700.HK"", ""side"": ""buy"", ""current_weight"": 0.12427528520053001, ""target_weight"": 0.13725860630803016, ""post_trade_weight"": 0.13727210333597664, ""diff_weight"": 0.012983321107500159, ""gross_amount"": 0.01608367291858695, ""gross_amount_pct_nav"": 0.012983321107500159, ""fee"": 4.825101875576085e-06, ""fee_pct_nav"": 3.894996332250047e-06, ""name"": ""腾讯控股""}, {""ts_code"": ""00728.HK"", ""side"": ""buy"", ""current_weight"": 0.0, ""target_weight"": 0.05018549338386062, ""post_trade_weight"": 0.0501904282657229, ""diff_weight"": 0.05018549338386062, ""gross_amount"": 0.062169536912835215, ""gross_amount_pct_nav"": 0.05018549338386062, ""fee"": 1.8650861073850564e-05, ""fee_pct_nav"": 1.5055648015158188e-05, ""name"": ""中国电信""}, {""ts_code"": ""00788.HK"", ""side"": ""buy"", ""current_weight"": 0.0, ""target_weight"": 0.05225437417298161, ""post_trade_weight"": 0.052259512493758056, ""diff_weight"": 0.05225437417298161, ""gross_amount"": 0.06473245603377936, ""gross_amount_pct_nav"": 0.05225437417298161, ""fee"": 1.941973681013381e-05, ""fee_pct_nav"": 1.567631225189448e-05, ""name"": ""中国铁塔""}, {""ts_code"": ""00981.HK"", ""side"": ""buy"", ""current_weight"": 0.032127231620882296, ""target_weight"": 0.047628169361675916, ""post_trade_weight"": 0.04763285277461595, ""diff_weight"": 0.015500937740793622, ""gross_amount"": 0.01920248374741984, ""gross_amount_pct_nav"": 0.015500937740793622, ""fee"": 5.7607451242259515e-06, ""fee_pct_nav"": 4.650281322238086e-06, ""name"": ""中芯国际""}, {""ts_code"": ""01211.HK"", ""side"": ""sell"", ""current_weight"": 0.1405817629302247, ""target_weight"": 0.0, ""post_trade_weight"": 0.0, ""diff_weight"": -0.1405817629302247, ""gross_amount"": 0.17415198118930436, ""gross_amount_pct_nav"": 0.1405817629302247, ""fee"": 5.22455943567913e-05, ""fee_pct_nav"": 4.2174528879067405e-05, ""name"": ""比亚迪股份""}, {""ts_code"": ""01398.HK"", ""side"": ""buy"", ""current_weight"": 0.09091847660776908, ""target_weight"": 0.10140275214310641, ""post_trade_weight"": 0.10141272336324582, ""diff_weight"": 0.01048427553533732, ""gross_amount"": 0.012987867826922767, ""gross_amount_pct_nav"": 0.01048427553533732, ""fee"": 3.8963603480768295e-06, ""fee_pct_nav"": 3.145282660601196e-06, ""name"": ""工商银行""}, {""ts_code"": ""02388.HK"", ""side"": ""sell"", ""current_weight"": 0.04575372526871188, ""target_weight"": 0.0, ""post_trade_weight"": 0.0, ""diff_weight"": -0.04575372526871188, ""gross_amount"": 0.05667948485104813, ""gross_amount_pct_nav"": 0.04575372526871188, ""fee"": 1.7003845455314437e-05, ""fee_pct_nav"": 1.3726117580613562e-05, ""name"": ""中银香港""}]",,,,
2025-06-06,0.00000000,0.00000000,0.00000000,0.00000000,0.00000000,0.00000000,0.00000000,0.00000000,weekly_portfolio_overlay,,2025-06-06,2025-06-06,2025-06-09,risk_on
2025-06-13,0.00000000,0.00000000,0.00000000,0.00000000,0.00000000,0.00000000,0.00000000,0.00000000,weekly_portfolio_overlay,,2025-06-13,2025-06-13,2025-06-16,risk_on
2025-06-20,0.00000000,0.00000000,0.00000000,0.00000000,0.00000000,0.00000000,0.00000000,0.00000000,weekly_portfolio_overlay,,2025-06-20,2025-06-20,2025-06-23,risk_on
2025-06-27,0.00000000,0.00000000,0.00000000,0.00000000,0.00000000,0.00000000,0.00000000,0.00000000,weekly_portfolio_overlay,,2025-06-27,2025-06-27,2025-06-30,risk_on
2025-07-02,0.10571073,0.21142147,0.14659914,0.13599839,0.00008478,0.00004398,0.00004080,0.00000000,rebalance,"[{""ts_code"": ""00388.HK"", ""side"": ""buy"", ""current_weight"": 0.0, ""target_weight"": 0.04966582175846572, ""post_trade_weight"": 0.04966897208454333, ""diff_weight"": 0.04966582175846572, ""gross_amount"": 0.06638606156373396, ""gross_amount_pct_nav"": 0.04966582175846572, ""fee"": 1.9915818469120185e-05, ""fee_pct_nav"": 1.4899746527539712e-05, ""name"": ""香港交易所""}, {""ts_code"": ""00700.HK"", ""side"": ""buy"", ""current_weight"": 0.128000788239809, ""target_weight"": 0.13813407176926318, ""post_trade_weight"": 0.1381428336774144, ""diff_weight"": 0.010133283529454171, ""gross_amount"": 0.013544702582404172, ""gross_amount_pct_nav"": 0.010133283529454171, ""fee"": 4.063410774721251e-06, ""fee_pct_nav"": 3.039985058836251e-06, ""name"": ""腾讯控股""}, {""ts_code"": ""00788.HK"", ""side"": ""sell"", ""current_weight"": 0.04709503475239338, ""target_weight"": 0.0, ""post_trade_weight"": 0.0, ""diff_weight"": -0.04709503475239338, ""gross_amount"": 0.06294980664214343, ""gross_amount_pct_nav"": 0.04709503475239338, ""fee"": 1.888494199264303e-05, ""fee_pct_nav"": 1.4128510425718012e-05, ""name"": ""中国铁塔""}, {""ts_code"": ""01398.HK"", ""side"": ""sell"", ""current_weight"": 0.10583047875084196, ""target_weight"": 0.09535929633875564, ""post_trade_weight"": 0.0953653450230895, ""diff_weight"": -0.010471182412086324, ""gross_amount"": 0.013996356762895235, ""gross_amount_pct_nav"": 0.010471182412086324, ""fee"": 4.19890702886857e-06, ""fee_pct_nav"": 3.1413547236258967e-06, ""name"": ""工商银行""}, {""ts_code"": ""02388.HK"", ""side"": ""buy"", ""current_weight"": 0.0, ""target_weight"": 0.04987703070614592, ""post_trade_weight"": 0.049880194429304914, ""diff_weight"": 0.04987703070614592, ""gross_amount"": 0.06666837502814613, ""gross_amount_pct_nav"": 0.04987703070614592, ""fee"": 2.0000512508443835e-05, ""fee_pct_nav"": 1.4963109211843774e-05, ""name"": ""中银香港""}, {""ts_code"": ""03328.HK"", ""side"": ""sell"", ""current_weight"": 0.04417911349679888, ""target_weight"": 0.0, ""post_trade_weight"": 0.0, ""diff_weight"": -0.04417911349679888, ""gross_amount"": 0.059052226351812266, ""gross_amount_pct_nav"": 0.04417911349679888, ""fee"": 1.771566790554368e-05, ""fee_pct_nav"": 1.3253734049039663e-05, ""name"": ""交通银行""}]",,,,
2025-07-04,0.00504630,0.01009260,0.01338704,0.00000000,0.00000402,0.00000402,0.00000000,0.00000000,weekly_portfolio_overlay,"[{""ts_code"": ""01810.HK"", ""side"": ""buy"", ""current_weight"": 0.06907625962953513, ""target_weight"": 0.0791688640884344, ""post_trade_weight"": 0.0791691037951694, ""diff_weight"": 0.01009260445889928, ""gross_amount"": 0.013387043615254682, ""gross_amount_pct_nav"": 0.01009260445889928, ""fee"": 4.016113084576404e-06, ""fee_pct_nav"": 3.0277813376697837e-06, ""name"": ""小米集团-W""}]",2025-07-04,2025-07-04,2025-07-07,risk_on
2025-07-11,0.00000000,0.00000000,0.00000000,0.00000000,0.00000000,0.00000000,0.00000000,0.00000000,weekly_portfolio_overlay,,2025-07-11,2025-07-11,2025-07-14,risk_on
2025-07-18,0.00000000,0.00000000,0.00000000,0.00000000,0.00000000,0.00000000,0.00000000,0.00000000,weekly_portfolio_overlay,,2025-07-18,2025-07-18,2025-07-21,risk_on
2025-07-25,0.00541800,0.01083599,0.00000000,0.01487574,0.00000446,0.00000000,0.00000446,0.00000000,weekly_portfolio_overlay,"[{""ts_code"": ""00700.HK"", ""side"": ""sell"", ""current_weight"": 0.14897837534869943, ""target_weight"": 0.138142384603059, ""post_trade_weight"": 0.13814283367739916, ""diff_weight"": -0.010835990745640447, ""gross_amount"": 0.014875741056270458, ""gross_amount_pct_nav"": 0.010835990745640447, ""fee"": 4.462722316881137e-06, ""fee_pct_nav"": 3.2507972236921335e-06, ""name"": ""腾讯控股""}]",2025-07-25,2025-07-25,2025-07-28,risk_on
2025-08-01,0.12025527,0.24051054,0.16518216,0.15294195,0.00009544,0.00004955,0.00004588,0.00000000,rebalance,"[{""ts_code"": ""00700.HK"", ""side"": ""buy"", ""current_weight"": 0.13808426494279796, ""target_weight"": 0.1485403753885278, ""post_trade_weight"": 0.1485510938198322, ""diff_weight"": 0.010456110445729817, ""gross_amount"": 0.013830332499639275, ""gross_amount_pct_nav"": 0.010456110445729817, ""fee"": 4.149099749891782e-06, ""fee_pct_nav"": 3.136833133718945e-06, ""name"": ""腾讯控股""}, {""ts_code"": ""00728.HK"", ""side"": ""sell"", ""current_weight"": 0.04917805255965816, ""target_weight"": 0.0, ""post_trade_weight"": 0.0, ""diff_weight"": -0.04917805255965816, ""gross_amount"": 0.06504797573772525, ""gross_amount_pct_nav"": 0.04917805255965816, ""fee"": 1.9514392721317573e-05, ""fee_pct_nav"": 1.4753415767897447e-05, ""name"": ""中国电信""}, {""ts_code"": ""00981.HK"", ""side"": ""sell"", ""current_weight"": 0.055675044578801215, ""target_weight"": 0.0, ""post_trade_weight"": 0.0, ""diff_weight"": -0.055675044578801215, ""gross_amount"": 0.07364156896138399, ""gross_amount_pct_nav"": 0.055675044578801215, ""fee"": 2.2092470688415196e-05, ""fee_pct_nav"": 1.6702513373640362e-05, ""name"": ""中芯国际""}, {""ts_code"": ""01288.HK"", ""side"": ""buy"", ""current_weight"": 0.0820053805065669, ""target_weight"": 0.0938835448575968, ""post_trade_weight"": 0.09389031934112385, ""diff_weight"": 0.0118781643510299, ""gross_amount"": 0.015711287989234615, ""gross_amount_pct_nav"": 0.0118781643510299, ""fee"": 4.713386396770384e-06, ""fee_pct_nav"": 3.5634493053089693e-06, ""name"": ""农业银行""}, {""ts_code"": ""01339.HK"", ""side"": ""buy"", ""current_weight"": 0.0, ""target_weight"": 0.04726203737491281, ""post_trade_weight"": 0.047265447726472676, ""diff_weight"": 0.04726203737491281, ""gross_amount"": 0.06251365600029286, ""gross_amount_pct_nav"": 0.04726203737491281, ""fee"": 1.8754096800087857e-05, ""fee_pct_nav"": 1.4178611212473841e-05, ""name"": ""中国人民保险集团""}, {""ts_code"": ""02628.HK"", ""side"": ""buy"", ""current_weight"": 0.0, ""target_weight"": 0.05528592562811403, ""post_trade_weight"": 0.05528991497036793, ""diff_weight"": 0.05528592562811403, ""gross_amount"": 0.07312688001487308, ""gross_amount_pct_nav"": 0.05528592562811403, ""fee"": 2.1938064004461923e-05, ""fee_pct_nav"": 1.658577768843421e-05, ""name"": ""中国人寿""}, {""ts_code"": ""03988.HK"", ""side"": ""sell"", ""current_weight"": 0.07409995737354318, ""target_weight"": 0.06332474856982918, ""post_trade_weight"": 0.06332931798043986, ""diff_weight"": -0.010775208803714, ""gross_amount"": 0.014252404972373386, ""gross_amount_pct_nav"": 0.010775208803714, ""fee"": 4.275721491712016e-06, ""fee_pct_nav"": 3.2325626411141996e-06, ""name"": ""中国银行""}]",,,,
2025-08-08,0.00000000,0.00000000,0.00000000,0.00000000,0.00000000,0.00000000,0.00000000,0.00000000,weekly_portfolio_overlay,,2025-08-08,2025-08-08,2025-08-11,risk_on
2025-08-15,0.00541912,0.01083824,0.01476196,0.00000000,0.00000443,0.00000443,0.00000000,0.00000000,weekly_portfolio_overlay,"[{""ts_code"": ""03968.HK"", ""side"": ""buy"", ""current_weight"": 0.05221534151032782, ""target_weight"": 0.06305358305222772, ""post_trade_weight"": 0.06305378806988328, ""diff_weight"": 0.010838241541899891, ""gross_amount"": 0.014761955346979966, ""gross_amount_pct_nav"": 0.010838241541899891, ""fee"": 4.42858660409399e-06, ""fee_pct_nav"": 3.251472462569967e-06, ""name"": ""招商银行""}]",2025-08-15,2025-08-15,2025-08-18,risk_on
2025-08-22,0.00699434,0.01398869,0.00000000,0.01942200,0.00000583,0.00000000,0.00000583,0.00000000,weekly_portfolio_overlay,"[{""ts_code"": ""00700.HK"", ""side"": ""sell"", ""current_weight"": 0.16253915654240828, ""target_weight"": 0.14855047040936906, ""post_trade_weight"": 0.14855109381975692, ""diff_weight"": -0.013988686133039214, ""gross_amount"": 0.019422002504606822, ""gross_amount_pct_nav"": 0.013988686133039214, ""fee"": 5.826600751382046e-06, ""fee_pct_nav"": 4.1966058399117635e-06, ""name"": ""腾讯控股""}]",2025-08-22,2025-08-22,2025-08-25,risk_on
2025-09-01,0.18551450,0.37102900,0.26158215,0.24357183,0.00015155,0.00007847,0.00007307,0.00000000,rebalance,"[{""ts_code"": ""00005.HK"", ""side"": ""sell"", ""current_weight"": 0.06518723535755312, ""target_weight"": 0.05395165439389808, ""post_trade_weight"": 0.05395766035094429, ""diff_weight"": -0.011235580963655036, ""gross_amount"": 0.015297182733132908, ""gross_amount_pct_nav"": 0.011235580963655036, ""fee"": 4.589154819939872e-06, ""fee_pct_nav"": 3.3706742890965105e-06, ""name"": ""汇丰控股""}, {""ts_code"": ""00700.HK"", ""side"": ""buy"", ""current_weight"": 0.14914499286982805, ""target_weight"": 0.16101819395908196, ""post_trade_weight"": 0.16103611868015755, ""diff_weight"": 0.011873201089253917, ""gross_amount"": 0.01616529908663175, ""gross_amount_pct_nav"": 0.011873201089253917, ""fee"": 4.849589725989525e-06, ""fee_pct_nav"": 3.561960326776175e-06, ""name"": ""腾讯控股""}, {""ts_code"": ""00941.HK"", ""side"": ""sell"", ""current_weight"": 0.06720345168541972, ""target_weight"": 0.0, ""post_trade_weight"": 0.0, ""diff_weight"": -0.06720345168541972, ""gross_amount"": 0.0914971361120172, ""gross_amount_pct_nav"": 0.06720345168541972, ""fee"": 2.7449140833605155e-05, ""fee_pct_nav"": 2.0161035505625914e-05, ""name"": ""中国移动""}, {""ts_code"": ""00998.HK"", ""side"": ""sell"", ""current_weight"": 0.047288919864262174, ""target_weight"": 0.0, ""post_trade_weight"": 0.0, ""diff_weight"": -0.047288919864262174, ""gross_amount"": 0.06438360871201204, ""gross_amount_pct_nav"": 0.047288919864262174, ""fee"": 1.931508261360361e-05, ""fee_pct_nav"": 1.418667595927865e-05, ""name"": ""中信银行""}, {""ts_code"": ""01378.HK"", ""side"": ""buy"", ""current_weight"": 0.0, ""target_weight"": 0.05442958645433975, ""post_trade_weight"": 0.05443564561530451, ""diff_weight"": 0.05442958645433975, ""gross_amount"": 0.07410558766602775, ""gross_amount_pct_nav"": 0.05442958645433975, ""fee"": 2.223167629980832e-05, ""fee_pct_nav"": 1.6328875936301923e-05, ""name"": ""中国宏桥""}, {""ts_code"": ""02359.HK"", ""side"": ""buy"", ""current_weight"": 0.0, ""target_weight"": 0.05645552360278249, ""post_trade_weight"": 0.05646180829328159, ""diff_weight"": 0.05645552360278249, ""gross_amount"": 0.07686389013973349, ""gross_amount_pct_nav"": 0.05645552360278249, ""fee"": 2.3059167041920044e-05, ""fee_pct_nav"": 1.6936657080834745e-05, ""name"": ""药明康德""}, {""ts_code"": ""02388.HK"", ""side"": ""sell"", ""current_weight"": 0.053172372580529065, ""target_weight"": 0.0, ""post_trade_weight"": 0.0, ""diff_weight"": -0.053172372580529065, ""gross_amount"": 0.07239389777437699, ""gross_amount_pct_nav"": 0.053172372580529065, ""fee"": 2.1718169332313096e-05, ""fee_pct_nav"": 1.5951711774158717e-05, ""name"": ""中银香港""}, {""ts_code"": ""02628.HK"", ""side"": ""buy"", ""current_weight"": 0.05737228316368758, ""target_weight"": 0.07062797373295195, ""post_trade_weight"": 0.07063583611606636, ""diff_weight"": 0.01325569056926437, ""gross_amount"": 0.018047551038779502, ""gross_amount_pct_nav"": 0.01325569056926437, ""fee"": 5.41426531163385e-06, ""fee_pct_nav"": 3.976707170779311e-06, ""name"": ""中国人寿""}, {""ts_code"": ""09992.HK"", ""side"": ""buy"", ""current_weight"": 0.0, ""target_weight"": 0.0561146742719377, ""post_trade_weight"": 0.05612092101871731, ""diff_weight"": 0.0561146742719377, ""gross_amount"": 0.07639982561870291, ""gross_amount_pct_nav"": 0.0561146742719377, ""fee"": 2.2919947685610872e-05, ""fee_pct_nav"": 1.683440228158131e-05, ""name"": ""泡泡玛特""}]",,,,
2025-09-05,0.00658432,0.01316864,0.00000000,0.01790913,0.00000537,0.00000000,0.00000537,0.00000000,weekly_portfolio_overlay,"[{""ts_code"": ""01288.HK"", ""side"": ""sell"", ""current_weight"": 0.0964919725583697, ""target_weight"": 0.08332333086343963, ""post_trade_weight"": 0.08332366004126676, ""diff_weight"": -0.013168641694930082, ""gross_amount"": 0.017909134364540086, ""gross_amount_pct_nav"": 0.013168641694930082, ""fee"": 5.372740309362025e-06, ""fee_pct_nav"": 3.9505925084790245e-06, ""name"": ""农业银行""}]",2025-09-05,2025-09-05,2025-09-08,risk_on
2025-09-12,0.00000000,0.00000000,0.00000000,0.00000000,0.00000000,0.00000000,0.00000000,0.00000000,weekly_portfolio_overlay,,2025-09-12,2025-09-12,2025-09-15,risk_on
2025-09-19,0.00502834,0.01005668,0.00000000,0.01365268,0.00000410,0.00000000,0.00000410,0.00000000,weekly_portfolio_overlay,"[{""ts_code"": ""00700.HK"", ""side"": ""sell"", ""current_weight"": 0.17109231640167502, ""target_weight"": 0.16103563283337208, ""post_trade_weight"": 0.16103611868015869, ""diff_weight"": -0.010056683568302933, ""gross_amount"": 0.013652676700116523, ""gross_amount_pct_nav"": 0.010056683568302933, ""fee"": 4.0958030100349566e-06, ""fee_pct_nav"": 3.0170050704908798e-06, ""name"": ""腾讯控股""}]",2025-09-19,2025-09-19,2025-09-22,risk_on
2025-09-26,0.00000000,0.00000000,0.00000000,0.00000000,0.00000000,0.00000000,0.00000000,0.00000000,weekly_portfolio_overlay,,2025-09-26,2025-09-26,2025-09-29,risk_on
2025-10-02,0.18796169,0.37592337,0.27676319,0.24230759,0.00015572,0.00008303,0.00007269,0.00000000,rebalance,"[{""ts_code"": ""00005.HK"", ""side"": ""buy"", ""current_weight"": 0.05894312947394867, ""target_weight"": 0.07696422603143209, ""post_trade_weight"": 0.07697290680587328, ""diff_weight"": 0.018021096557483424, ""gross_amount"": 0.024883328411436284, ""gross_amount_pct_nav"": 0.018021096557483424, ""fee"": 7.464998523430884e-06, ""fee_pct_nav"": 5.406328967245026e-06, ""name"": ""汇丰控股""}, {""ts_code"": ""00700.HK"", ""side"": ""buy"", ""current_weight"": 0.16709656364068262, ""target_weight"": 0.17997970013782433, ""post_trade_weight"": 0.1799999999999999, ""diff_weight"": 0.012883136497141724, ""gross_amount"": 0.017788890670729834, ""gross_amount_pct_nav"": 0.012883136497141724, ""fee"": 5.3366672012189496e-06, ""fee_pct_nav"": 3.864940949142517e-06, ""name"": ""腾讯控股""}, {""ts_code"": ""00981.HK"", ""side"": ""buy"", ""current_weight"": 0.0, ""target_weight"": 0.060172818669968604, ""post_trade_weight"": 0.06017960554607063, ""diff_weight"": 0.060172818669968604, ""gross_amount"": 0.08308595448842795, ""gross_amount_pct_nav"": 0.060172818669968604, ""fee"": 2.4925786346528385e-05, ""fee_pct_nav"": 1.805184560099058e-05, ""name"": ""中芯国际""}, {""ts_code"": ""01288.HK"", ""side"": ""buy"", ""current_weight"": 0.07887630842101367, ""target_weight"": 0.0891719445630992, ""post_trade_weight"": 0.08918200224284403, ""diff_weight"": 0.010295636142085517, ""gross_amount"": 0.014216099143078045, ""gross_amount_pct_nav"": 0.010295636142085517, ""fee"": 4.264829742923413e-06, ""fee_pct_nav"": 3.0886908426256547e-06, ""name"": ""农业银行""}, {""ts_code"": ""02359.HK"", ""side"": ""sell"", ""current_weight"": 0.0586539825409451, ""target_weight"": 0.0, ""post_trade_weight"": 0.0, ""diff_weight"": -0.0586539825409451, ""gross_amount"": 0.08098876256222676, ""gross_amount_pct_nav"": 0.0586539825409451, ""fee"": 2.4296628768668024e-05, ""fee_pct_nav"": 1.7596194762283526e-05, ""name"": ""药明康德""}, {""ts_code"": ""02611.HK"", ""side"": ""buy"", ""current_weight"": 0.0, ""target_weight"": 0.048778042683720726, ""post_trade_weight"": 0.04878354434609107, ""diff_weight"": 0.048778042683720726, ""gross_amount"": 0.06735217535150795, ""gross_amount_pct_nav"": 0.048778042683720726, ""fee"": 2.0205652605452382e-05, ""fee_pct_nav"": 1.4633412805116216e-05, ""name"": ""国泰海通""}, {""ts_code"": ""03968.HK"", ""side"": ""sell"", ""current_weight"": 0.05953262272535342, ""target_weight"": 0.0, ""post_trade_weight"": 0.0, ""diff_weight"": -0.05953262272535342, ""gross_amount"": 0.08220197909399425, ""gross_amount_pct_nav"": 0.05953262272535342, ""fee"": 2.4660593728198273e-05, ""fee_pct_nav"": 1.7859786817606023e-05, ""name"": ""招商银行""}, {""ts_code"": ""03988.HK"", ""side"": ""sell"", ""current_weight"": 0.05729829945516751, ""target_weight"": 0.0, ""post_trade_weight"": 0.0, ""diff_weight"": -0.05729829945516751, ""gross_amount"": 0.07911685053192222, ""gross_amount_pct_nav"": 0.05729829945516751, ""fee"": 2.3735055159576663e-05, ""fee_pct_nav"": 1.7189489836550252e-05, ""name"": ""中国银行""}, {""ts_code"": ""09633.HK"", ""side"": ""buy"", ""current_weight"": 0.0, ""target_weight"": 0.05028773834994282, ""post_trade_weight"": 0.05029341029048302, ""diff_weight"": 0.05028773834994282, ""gross_amount"": 0.0694367462289847, ""gross_amount_pct_nav"": 0.05028773834994282, ""fee"": 2.083102386869541e-05, ""fee_pct_nav"": 1.5086321504982846e-05, ""name"": ""农夫山泉""}]",,,,
2025-10-03,0.00000000,0.00000000,0.00000000,0.00000000,0.00000000,0.00000000,0.00000000,0.00000000,weekly_portfolio_overlay,,2025-10-03,2025-10-03,2025-10-06,risk_on
2025-10-10,0.00511125,0.01022251,0.00000000,0.01360108,0.00000408,0.00000000,0.00000408,0.00000000,weekly_portfolio_overlay,"[{""ts_code"": ""00939.HK"", ""side"": ""sell"", ""current_weight"": 0.08141701110048198, ""target_weight"": 0.07119450144202752, ""post_trade_weight"": 0.0711947197786407, ""diff_weight"": -0.010222509658454459, ""gross_amount"": 0.01360107868269371, ""gross_amount_pct_nav"": 0.010222509658454459, ""fee"": 4.080323604808113e-06, ""fee_pct_nav"": 3.0667528975363376e-06, ""name"": ""建设银行""}]",2025-10-10,2025-10-10,2025-10-13,risk_on
2025-10-17,0.01572155,0.03144311,0.02812880,0.01414389,0.00001268,0.00000844,0.00000424,0.00000000,weekly_portfolio_overlay,"[{""ts_code"": ""00981.HK"", ""side"": ""buy"", ""current_weight"": 0.04949568872481377, ""target_weight"": 0.06017903787593534, ""post_trade_weight"": 0.06017960554607077, ""diff_weight"": 0.010683349151121577, ""gross_amount"": 0.014362889329558093, ""gross_amount_pct_nav"": 0.010683349151121577, ""fee"": 4.308866798867427e-06, ""fee_pct_nav"": 3.205004745336473e-06, ""name"": ""中芯国际""}, {""ts_code"": ""01288.HK"", ""side"": ""sell"", ""current_weight"": 0.09970161498965563, ""target_weight"": 0.08918116099506881, ""post_trade_weight"": 0.08918200224284424, ""diff_weight"": -0.010520453994586806, ""gross_amount"": 0.014143890111940616, ""gross_amount_pct_nav"": 0.010520453994586806, ""fee"": 4.243167033582184e-06, ""fee_pct_nav"": 3.1561361983760415e-06, ""name"": ""农业银行""}, {""ts_code"": ""01810.HK"", ""side"": ""buy"", ""current_weight"": 0.06425936110077847, ""target_weight"": 0.07449866509387207, ""post_trade_weight"": 0.07449936784135351, ""diff_weight"": 0.010239303993093593, ""gross_amount"": 0.013765906925270341, ""gross_amount_pct_nav"": 0.010239303993093593, ""fee"": 4.129772077581102e-06, ""fee_pct_nav"": 3.0717911979280776e-06, ""name"": ""小米集团-W""}]",2025-10-17,2025-10-17,2025-10-20,risk_on
2025-10-24,0.01123755,0.02247511,0.01557967,0.01568201,0.00000938,0.00000467,0.00000470,0.00000000,weekly_portfolio_overlay,"[{""ts_code"": ""01378.HK"", ""side"": ""sell"", ""current_weight"": 0.059330361989079705, ""target_weight"": 0.048056021815627806, ""post_trade_weight"": 0.04805634583709892, ""diff_weight"": -0.011274340173451903, ""gross_amount"": 0.015682005361940338, ""gross_amount_pct_nav"": 0.011274340173451903, ""fee"": 4.704601608582101e-06, ""fee_pct_nav"": 3.3823020520355708e-06, ""name"": ""中国宏桥""}, {""ts_code"": ""09992.HK"", ""side"": ""buy"", ""current_weight"": 0.04156888599463324, ""target_weight"": 0.05276965397952782, ""post_trade_weight"": 0.05277000978303104, ""diff_weight"": 0.011200767984894583, ""gross_amount"": 0.015579670374908247, ""gross_amount_pct_nav"": 0.011200767984894583, ""fee"": 4.673901112472473e-06, ""fee_pct_nav"": 3.3602303954683743e-06, ""name"": ""泡泡玛特""}]",2025-10-24,2025-10-24,2025-10-27,risk_on
2025-11-03,0.21191943,0.42383885,0.28610424,0.29329199,0.00017382,0.00008583,0.00008799,0.00000000,rebalance,"[{""ts_code"": ""00388.HK"", ""side"": ""sell"", ""current_weight"": 0.049863411049125936, ""target_weight"": 0.0, ""post_trade_weight"": 0.0, ""diff_weight"": -0.049863411049125936, ""gross_amount"": 0.06816428462158221, ""gross_amount_pct_nav"": 0.049863411049125936, ""fee"": 2.0449285386474662e-05, ""fee_pct_nav"": 1.495902331473778e-05, ""name"": ""香港交易所""}, {""ts_code"": ""00700.HK"", ""side"": ""buy"", ""current_weight"": 0.16875930480774248, ""target_weight"": 0.1799771127019907, ""post_trade_weight"": 0.1800000000000946, ""diff_weight"": 0.011217807894248212, ""gross_amount"": 0.01533496874853632, ""gross_amount_pct_nav"": 0.011217807894248212, ""fee"": 4.600490624560896e-06, ""fee_pct_nav"": 3.3653423682744634e-06, ""name"": ""腾讯控股""}, {""ts_code"": ""01288.HK"", ""side"": ""sell"", ""current_weight"": 0.09376075758585489, ""target_weight"": 0.08263503417678371, ""post_trade_weight"": 0.08264554269440928, ""diff_weight"": -0.011125723409071192, ""gross_amount"": 0.01520908740739313, ""gross_amount_pct_nav"": 0.011125723409071192, ""fee"": 4.562726222217938e-06, ""fee_pct_nav"": 3.3377170227213573e-06, ""name"": ""农业银行""}, {""ts_code"": ""01336.HK"", ""side"": ""buy"", ""current_weight"": 0.0, ""target_weight"": 0.05258559312923223, ""post_trade_weight"": 0.05259228032477532, ""diff_weight"": 0.05258559312923223, ""gross_amount"": 0.07188556221162364, ""gross_amount_pct_nav"": 0.05258559312923223, ""fee"": 2.156566866348709e-05, ""fee_pct_nav"": 1.5775677938769667e-05, ""name"": ""新华保险""}, {""ts_code"": ""01378.HK"", ""side"": ""buy"", ""current_weight"": 0.05197242284378459, ""target_weight"": 0.06284938526374212, ""post_trade_weight"": 0.06285737768341472, ""diff_weight"": 0.010876962419957526, ""gross_amount"": 0.014869026137858551, ""gross_amount_pct_nav"": 0.010876962419957526, ""fee"": 4.460707841357565e-06, ""fee_pct_nav"": 3.2630887259872578e-06, ""name"": ""中国宏桥""}, {""ts_code"": ""01398.HK"", ""side"": ""sell"", ""current_weight"": 0.09339332116509068, ""target_weight"": 0.0791370202476071, ""post_trade_weight"": 0.07914708393040693, ""diff_weight"": -0.014256300917483583, ""gross_amount"": 0.019488649752277806, ""gross_amount_pct_nav"": 0.014256300917483583, ""fee"": 5.8465949256833415e-06, ""fee_pct_nav"": 4.276890275245075e-06, ""name"": ""工商银行""}, {""ts_code"": ""01530.HK"", ""side"": ""buy"", ""current_weight"": 0.0, ""target_weight"": 0.055128098339846186, ""post_trade_weight"": 0.055135108860248826, ""diff_weight"": 0.055128098339846186, ""gross_amount"": 0.07536121791149945, ""gross_amount_pct_nav"": 0.055128098339846186, ""fee"": 2.2608365373449833e-05, ""fee_pct_nav"": 1.6538429501953852e-05, ""name"": ""三生制药""}, {""ts_code"": ""01810.HK"", ""side"": ""sell"", ""current_weight"": 0.06950566497975677, ""target_weight"": 0.0532795152735652, ""post_trade_weight"": 0.05328629071367861, ""diff_weight"": -0.016226149706191576, ""gross_amount"": 0.022181472619182824, ""gross_amount_pct_nav"": 0.016226149706191576, ""fee"": 6.654441785754847e-06, ""fee_pct_nav"": 4.867844911857473e-06, ""name"": ""小米集团-W""}, {""ts_code"": ""02611.HK"", ""side"": ""sell"", ""current_weight"": 0.04675996835284787, ""target_weight"": 0.0, ""post_trade_weight"": 0.0, ""diff_weight"": -0.04675996835284787, ""gross_amount"": 0.06392181611000258, ""gross_amount_pct_nav"": 0.04675996835284787, ""fee"": 1.9176544833000775e-05, ""fee_pct_nav"": 1.402799050585436e-05, ""name"": ""国泰海通""}, {""ts_code"": ""02628.HK"", ""side"": ""sell"", ""current_weight"": 0.07395780444064363, ""target_weight"": 0.04976988392904154, ""post_trade_weight"": 0.04977621305696774, ""diff_weight"": -0.024187920511602103, ""gross_amount"": 0.03306537325600699, ""gross_amount_pct_nav"": 0.024187920511602103, ""fee"": 9.919611976802095e-06, ""fee_pct_nav"": 7.25637615348063e-06, ""name"": ""中国人寿""}, {""ts_code"": ""03993.HK"", ""side"": ""buy"", ""current_weight"": 0.0, ""target_weight"": 0.057663028743723685, ""post_trade_weight"": 0.05767036162571417, ""diff_weight"": 0.057663028743723685, ""gross_amount"": 0.07882651869839452, ""gross_amount_pct_nav"": 0.057663028743723685, ""fee"": 2.3647955609518354e-05, ""fee_pct_nav"": 1.7298908623117104e-05, ""name"": ""洛阳钼业""}, {""ts_code"": ""09633.HK"", ""side"": ""buy"", ""current_weight"": 0.04905888719748465, ""target_weight"": 0.07087783973333467, ""post_trade_weight"": 0.07088685311410615, ""diff_weight"": 0.021818952535850016, ""gross_amount"": 0.029826946442416402, ""gross_amount_pct_nav"": 0.021818952535850016, ""fee"": 8.94808393272492e-06, ""fee_pct_nav"": 6.545685760755004e-06, ""name"": ""农夫山泉""}, {""ts_code"": ""09992.HK"", ""side"": ""sell"", ""current_weight"": 0.05212893676632877, ""target_weight"": 0.0, ""post_trade_weight"": 0.0, ""diff_weight"": -0.05212893676632877, ""gross_amount"": 0.07126130378966088, ""gross_amount_pct_nav"": 0.05212893676632877, ""fee"": 2.1378391136898262e-05, ""fee_pct_nav"": 1.563868102989863e-05, ""name"": ""泡泡玛特""}]",,,,
2025-11-07,0.00000000,0.00000000,0.00000000,0.00000000,0.00000000,0.00000000,0.00000000,0.00000000,weekly_portfolio_overlay,,2025-11-07,2025-11-07,2025-11-10,risk_on
2025-11-14,0.00000000,0.00000000,0.00000000,0.00000000,0.00000000,0.00000000,0.00000000,0.00000000,weekly_portfolio_overlay,,2025-11-14,2025-11-14,2025-11-17,risk_on
2025-11-21,0.00000000,0.00000000,0.00000000,0.00000000,0.00000000,0.00000000,0.00000000,0.00000000,weekly_portfolio_overlay,,2025-11-21,2025-11-21,2025-11-24,risk_on
2025-12-01,0.21051781,0.42103562,0.29152671,0.28184936,0.00017201,0.00008746,0.00008455,0.00000000,rebalance,"[{""ts_code"": ""00005.HK"", ""side"": ""sell"", ""current_weight"": 0.07782478919700285, ""target_weight"": 0.05824220441952381, ""post_trade_weight"": 0.05824956196162231, ""diff_weight"": -0.019582584777479043, ""gross_amount"": 0.026668018283182146, ""gross_amount_pct_nav"": 0.019582584777479043, ""fee"": 8.000405484954644e-06, ""fee_pct_nav"": 5.874775433243713e-06, ""name"": ""汇丰控股""}, {""ts_code"": ""00700.HK"", ""side"": ""sell"", ""current_weight"": 0.17821863594628753, ""target_weight"": 0.16763084073449103, ""post_trade_weight"": 0.1676520169756722, ""diff_weight"": -0.010587795211796498, ""gross_amount"": 0.014418705165596957, ""gross_amount_pct_nav"": 0.010587795211796498, ""fee"": 4.325611549679087e-06, ""fee_pct_nav"": 3.176338563538949e-06, ""name"": ""腾讯控股""}, {""ts_code"": ""00857.HK"", ""side"": ""buy"", ""current_weight"": 0.0, ""target_weight"": 0.08272540314472869, ""post_trade_weight"": 0.08273585356710399, ""diff_weight"": 0.08272540314472869, ""gross_amount"": 0.11265737330469217, ""gross_amount_pct_nav"": 0.08272540314472869, ""fee"": 3.3797211991407645e-05, ""fee_pct_nav"": 2.4817620943418604e-05, ""name"": ""中国石油股份""}, {""ts_code"": ""01288.HK"", ""side"": ""buy"", ""current_weight"": 0.08047834865679392, ""target_weight"": 0.1042856156590713, ""post_trade_weight"": 0.10429878971069118, ""diff_weight"": 0.02380726700227738, ""gross_amount"": 0.032421288553260375, ""gross_amount_pct_nav"": 0.02380726700227738, ""fee"": 9.726386565978112e-06, ""fee_pct_nav"": 7.142180100683214e-06, ""name"": ""农业银行""}, {""ts_code"": ""01339.HK"", ""side"": ""sell"", ""current_weight"": 0.05119220188222085, ""target_weight"": 0.0, ""post_trade_weight"": 0.0, ""diff_weight"": -0.05119220188222085, ""gross_amount"": 0.06971472822737168, ""gross_amount_pct_nav"": 0.05119220188222085, ""fee"": 2.0914418468211502e-05, ""fee_pct_nav"": 1.5357660564666255e-05, ""name"": ""中国人民保险集团""}, {""ts_code"": ""01530.HK"", ""side"": ""sell"", ""current_weight"": 0.05516434421148859, ""target_weight"": 0.0, ""post_trade_weight"": 0.0, ""diff_weight"": -0.05516434421148859, ""gross_amount"": 0.07512408380856837, ""gross_amount_pct_nav"": 0.05516434421148859, ""fee"": 2.253722514257051e-05, ""fee_pct_nav"": 1.6549303263446575e-05, ""name"": ""三生制药""}, {""ts_code"": ""01810.HK"", ""side"": ""sell"", ""current_weight"": 0.04819674227992137, ""target_weight"": 0.0, ""post_trade_weight"": 0.0, ""diff_weight"": -0.04819674227992137, ""gross_amount"": 0.06563544184365969, ""gross_amount_pct_nav"": 0.04819674227992137, ""fee"": 1.9690632553097903e-05, ""fee_pct_nav"": 1.445902268397641e-05, ""name"": ""小米集团-W""}, {""ts_code"": ""02400.HK"", ""side"": ""buy"", ""current_weight"": 0.0, ""target_weight"": 0.044479859343030254, ""post_trade_weight"": 0.0444854783342912, ""diff_weight"": 0.044479859343030254, ""gross_amount"": 0.06057370442524415, ""gross_amount_pct_nav"": 0.044479859343030254, ""fee"": 1.8172111327573243e-05, ""fee_pct_nav"": 1.3343957802909075e-05, ""name"": ""心动公司""}, {""ts_code"": ""02628.HK"", ""side"": ""buy"", ""current_weight"": 0.055122461471098526, ""target_weight"": 0.07271381383796849, ""post_trade_weight"": 0.07272299952988703, ""diff_weight"": 0.01759135236686996, ""gross_amount"": 0.0239563117880693, ""gross_amount_pct_nav"": 0.01759135236686996, ""fee"": 7.186893536420789e-06, ""fee_pct_nav"": 5.2774057100609875e-06, ""name"": ""中国人寿""}, {""ts_code"": ""09633.HK"", ""side"": ""sell"", ""current_weight"": 0.06712156851484262, ""target_weight"": 0.044880515070114806, ""post_trade_weight"": 0.04488618467486829, ""diff_weight"": -0.022241053444727814, ""gross_amount"": 0.030288382593055642, ""gross_amount_pct_nav"": 0.022241053444727814, ""fee"": 9.086514777916692e-06, ""fee_pct_nav"": 6.672316033418344e-06, ""name"": ""农夫山泉""}, {""ts_code"": ""09995.HK"", ""side"": ""buy"", ""current_weight"": 0.0, ""target_weight"": 0.04546701450006455, ""post_trade_weight"": 0.045472758195321476, ""diff_weight"": 0.04546701450006455, ""gross_amount"": 0.06191803522096239, ""gross_amount_pct_nav"": 0.04546701450006455, ""fee"": 1.8575410566288714e-05, ""fee_pct_nav"": 1.3640104350019365e-05, ""name"": ""荣昌生物""}]",,,,
2025-12-05,0.00652296,0.01304592,0.00000000,0.01750955,0.00000525,0.00000000,0.00000525,0.00000000,weekly_portfolio_overlay,"[{""ts_code"": ""03993.HK"", ""side"": ""sell"", ""current_weight"": 0.06912787829650571, ""target_weight"": 0.05608195738132202, ""post_trade_weight"": 0.056082176874415295, ""diff_weight"": -0.013045920915183688, ""gross_amount"": 0.017509554085979928, ""gross_amount_pct_nav"": 0.013045920915183688, ""fee"": 5.252866225793978e-06, ""fee_pct_nav"": 3.913776274555106e-06, ""name"": ""洛阳钼业""}]",2025-12-05,2025-12-05,2025-12-08,risk_on
2025-12-12,0.00000000,0.00000000,0.00000000,0.00000000,0.00000000,0.00000000,0.00000000,0.00000000,weekly_portfolio_overlay,,2025-12-12,2025-12-12,2025-12-15,risk_on
2025-12-19,0.00514837,0.01029674,0.00000000,0.01383525,0.00000415,0.00000000,0.00000415,0.00000000,weekly_portfolio_overlay,"[{""ts_code"": ""01336.HK"", ""side"": ""sell"", ""current_weight"": 0.06023694955765735, ""target_weight"": 0.04994020832174033, ""post_trade_weight"": 0.049940362588637564, ""diff_weight"": -0.010296741235917024, ""gross_amount"": 0.013835254396869182, ""gross_amount_pct_nav"": 0.010296741235917024, ""fee"": 4.150576319060754e-06, ""fee_pct_nav"": 3.089022370775107e-06, ""name"": ""新华保险""}]",2025-12-19,2025-12-19,2025-12-22,risk_on
2025-12-24,0.00000000,0.00000000,0.00000000,0.00000000,0.00000000,0.00000000,0.00000000,0.00000000,weekly_portfolio_overlay,,2025-12-24,2025-12-24,2025-12-29,risk_on
2026-01-02,0.21784333,0.43568667,0.31699062,0.28813977,0.00018154,0.00009510,0.00008644,0.00000000,rebalance,"[{""ts_code"": ""00358.HK"", ""side"": ""buy"", ""current_weight"": 0.0, ""target_weight"": 0.045315091247991435, ""post_trade_weight"": 0.04532101497655464, ""diff_weight"": 0.045315091247991435, ""gross_amount"": 0.0629386696621516, ""gross_amount_pct_nav"": 0.045315091247991435, ""fee"": 1.888160089864548e-05, ""fee_pct_nav"": 1.359452737439743e-05, ""name"": ""江西铜业股份""}, {""ts_code"": ""00857.HK"", ""side"": ""buy"", ""current_weight"": 0.07871001584627069, ""target_weight"": 0.09058788637350491, ""post_trade_weight"": 0.09059972830155169, ""diff_weight"": 0.011877870527234229, ""gross_amount"": 0.016497315768652182, ""gross_amount_pct_nav"": 0.011877870527234229, ""fee"": 4.949194730595654e-06, ""fee_pct_nav"": 3.5633611581702684e-06, ""name"": ""中国石油股份""}, {""ts_code"": ""01288.HK"", ""side"": ""sell"", ""current_weight"": 0.10172820392150754, ""target_weight"": 0.07807797104456693, ""post_trade_weight"": 0.07808817763787826, ""diff_weight"": -0.023650232876940614, ""gross_amount"": 0.03284808997357365, ""gross_amount_pct_nav"": 0.023650232876940614, ""fee"": 9.854426992072094e-06, ""fee_pct_nav"": 7.095069863082184e-06, ""name"": ""农业银行""}, {""ts_code"": ""01336.HK"", ""side"": ""sell"", ""current_weight"": 0.04945690912278573, ""target_weight"": 0.0, ""post_trade_weight"": 0.0, ""diff_weight"": -0.04945690912278573, ""gross_amount"": 0.06869128981237645, ""gross_amount_pct_nav"": 0.04945690912278573, ""fee"": 2.0607386943712932e-05, ""fee_pct_nav"": 1.483707273683572e-05, ""name"": ""新华保险""}, {""ts_code"": ""01378.HK"", ""side"": ""sell"", ""current_weight"": 0.0691793266347235, ""target_weight"": 0.05375791740053031, ""post_trade_weight"": 0.05376494480138142, ""diff_weight"": -0.01542140923419318, ""gross_amount"": 0.0214189788607953, ""gross_amount_pct_nav"": 0.01542140923419318, ""fee"": 6.4256936582385895e-06, ""fee_pct_nav"": 4.6264227702579525e-06, ""name"": ""中国宏桥""}, {""ts_code"": ""02388.HK"", ""side"": ""buy"", ""current_weight"": 0.0, ""target_weight"": 0.05085662922097796, ""post_trade_weight"": 0.05086327735648531, ""diff_weight"": 0.05085662922097796, ""gross_amount"": 0.07063537771893008, ""gross_amount_pct_nav"": 0.05085662922097796, ""fee"": 2.1190613315679024e-05, ""fee_pct_nav"": 1.5256988766293386e-05, ""name"": ""中银香港""}, {""ts_code"": ""02400.HK"", ""side"": ""sell"", ""current_weight"": 0.03872705132199559, ""target_weight"": 0.0, ""post_trade_weight"": 0.0, ""diff_weight"": -0.03872705132199559, ""gross_amount"": 0.05378846258534919, ""gross_amount_pct_nav"": 0.03872705132199559, ""fee"": 1.6136538775604754e-05, ""fee_pct_nav"": 1.1618115396598675e-05, ""name"": ""心动公司""}, {""ts_code"": ""02600.HK"", ""side"": ""buy"", ""current_weight"": 0.0, ""target_weight"": 0.0493406184061598, ""post_trade_weight"": 0.04934706836405527, ""diff_weight"": 0.0493406184061598, ""gross_amount"": 0.06852977225173777, ""gross_amount_pct_nav"": 0.0493406184061598, ""fee"": 2.055893167552133e-05, ""fee_pct_nav"": 1.480218552184794e-05, ""name"": ""中国铝业""}, {""ts_code"": ""02899.HK"", ""side"": ""buy"", ""current_weight"": 0.0, ""target_weight"": 0.07083925577993354, ""post_trade_weight"": 0.07084851610604793, ""diff_weight"": 0.07083925577993354, ""gross_amount"": 0.09838948561851395, ""gross_amount_pct_nav"": 0.07083925577993354, ""fee"": 2.951684568555418e-05, ""fee_pct_nav"": 2.125177673398006e-05, ""name"": ""紫金矿业""}, {""ts_code"": ""09633.HK"", ""side"": ""sell"", ""current_weight"": 0.04305979693487918, ""target_weight"": 0.0, ""post_trade_weight"": 0.0, ""diff_weight"": -0.04305979693487918, ""gross_amount"": 0.05980626454379728, ""gross_amount_pct_nav"": 0.04305979693487918, ""fee"": 1.7941879363139184e-05, ""fee_pct_nav"": 1.2917939080463753e-05, ""name"": ""农夫山泉""}, {""ts_code"": ""09995.HK"", ""side"": ""sell"", ""current_weight"": 0.037141800498894276, ""target_weight"": 0.0, ""post_trade_weight"": 0.0, ""diff_weight"": -0.037141800498894276, ""gross_amount"": 0.05158668884642397, ""gross_amount_pct_nav"": 0.037141800498894276, ""fee"": 1.547600665392719e-05, ""fee_pct_nav"": 1.1142540149668282e-05, ""name"": ""荣昌生物""}]",,,,
2026-01-09,0.00686260,0.01372520,0.00000000,0.01934701,0.00000580,0.00000000,0.00000580,0.00000000,weekly_portfolio_overlay,"[{""ts_code"": ""02628.HK"", ""side"": ""sell"", ""current_weight"": 0.08257930575055324, ""target_weight"": 0.06885410431600078, ""post_trade_weight"": 0.06885438782810356, ""diff_weight"": -0.013725201434552445, ""gross_amount"": 0.019347006603928907, ""gross_amount_pct_nav"": 0.013725201434552445, ""fee"": 5.804101981178672e-06, ""fee_pct_nav"": 4.117560430365734e-06, ""name"": ""中国人寿""}]",2026-01-09,2026-01-09,2026-01-12,risk_on
2026-01-16,0.00560527,0.01121054,0.01580201,0.00000000,0.00000474,0.00000474,0.00000000,0.00000000,weekly_portfolio_overlay,"[{""ts_code"": ""00700.HK"", ""side"": ""buy"", ""current_weight"": 0.15946948487439092, ""target_weight"": 0.17068002689567155, ""post_trade_weight"": 0.17068060092228618, ""diff_weight"": 0.011210542021280632, ""gross_amount"": 0.01580200503565063, ""gross_amount_pct_nav"": 0.011210542021280632, ""fee"": 4.7406015106951885e-06, ""fee_pct_nav"": 3.3631626063841895e-06, ""name"": ""腾讯控股""}]",2026-01-16,2026-01-16,2026-01-19,risk_on
2026-01-23,0.00000000,0.00000000,0.00000000,0.00000000,0.00000000,0.00000000,0.00000000,0.00000000,weekly_portfolio_overlay,,2026-01-23,2026-01-23,2026-01-26,risk_on
2026-02-02,0.13159333,0.26318666,0.19041012,0.18200021,0.00011172,0.00005712,0.00005460,0.00000000,rebalance,"[{""ts_code"": ""00358.HK"", ""side"": ""sell"", ""current_weight"": 0.04415362547092261, ""target_weight"": 0.0, ""post_trade_weight"": 0.0, ""diff_weight"": -0.04415362547092261, ""gross_amount"": 0.062477580507117506, ""gross_amount_pct_nav"": 0.04415362547092261, ""fee"": 1.8743274152135252e-05, ""fee_pct_nav"": 1.3246087641276784e-05, ""name"": ""江西铜业股份""}, {""ts_code"": ""00857.HK"", ""side"": ""sell"", ""current_weight"": 0.09340506650803586, ""target_weight"": 0.08024179619975505, ""post_trade_weight"": 0.0802481322711875, ""diff_weight"": -0.013163270308280807, ""gross_amount"": 0.01862608724993968, ""gross_amount_pct_nav"": 0.013163270308280807, ""fee"": 5.587826174981903e-06, ""fee_pct_nav"": 3.948981092484241e-06, ""name"": ""中国石油股份""}, {""ts_code"": ""01288.HK"", ""side"": ""buy"", ""current_weight"": 0.07151147416368159, ""target_weight"": 0.0860508625285301, ""post_trade_weight"": 0.08605765729681329, ""diff_weight"": 0.014539388364848516, ""gross_amount"": 0.020573300547817724, ""gross_amount_pct_nav"": 0.014539388364848516, ""fee"": 6.1719901643453165e-06, ""fee_pct_nav"": 4.361816509454554e-06, ""name"": ""农业银行""}, {""ts_code"": ""01299.HK"", ""side"": ""buy"", ""current_weight"": 0.0, ""target_weight"": 0.05450190448069193, ""post_trade_weight"": 0.05450620807278918, ""diff_weight"": 0.05450190448069193, ""gross_amount"": 0.07712044228907362, ""gross_amount_pct_nav"": 0.05450190448069193, ""fee"": 2.3136132686722083e-05, ""fee_pct_nav"": 1.6350571344207576e-05, ""name"": ""友邦保险""}, {""ts_code"": ""01378.HK"", ""side"": ""sell"", ""current_weight"": 0.054069502792325135, ""target_weight"": 0.04377515746468286, ""post_trade_weight"": 0.04377861404887961, ""diff_weight"": -0.010294345327642281, ""gross_amount"": 0.0145665453768773, ""gross_amount_pct_nav"": 0.010294345327642281, ""fee"": 4.36996361306319e-06, ""fee_pct_nav"": 3.0883035982926845e-06, ""name"": ""中国宏桥""}, {""ts_code"": ""02318.HK"", ""side"": ""buy"", ""current_weight"": 0.0, ""target_weight"": 0.06552372920025876, ""post_trade_weight"": 0.06552890310025097, ""diff_weight"": 0.06552372920025876, ""gross_amount"": 0.09271637430841738, ""gross_amount_pct_nav"": 0.06552372920025876, ""fee"": 2.781491229252521e-05, ""fee_pct_nav"": 1.9657118760077623e-05, ""name"": ""中国平安""}, {""ts_code"": ""02600.HK"", ""side"": ""sell"", ""current_weight"": 0.04958024375070511, ""target_weight"": 0.0, ""post_trade_weight"": 0.0, ""diff_weight"": -0.04958024375070511, ""gross_amount"": 0.07015627001087713, ""gross_amount_pct_nav"": 0.04958024375070511, ""fee"": 2.1046881003263135e-05, ""fee_pct_nav"": 1.4874073125211532e-05, ""name"": ""中国铝业""}, {""ts_code"": ""02899.HK"", ""side"": ""sell"", ""current_weight"": 0.07446466645865776, ""target_weight"": 0.06303451081414178, ""post_trade_weight"": 0.06303948815989104, ""diff_weight"": -0.011430155644515985, ""gross_amount"": 0.016173722132046, ""gross_amount_pct_nav"": 0.011430155644515985, ""fee"": 4.8521166396137995e-06, ""fee_pct_nav"": 3.429046693354795e-06, ""name"": ""紫金矿业""}]",,,,
2026-02-06,0.01436755,0.02873509,0.02596637,0.01505988,0.00001231,0.00000779,0.00000452,0.00000000,weekly_portfolio_overlay,"[{""ts_code"": ""00700.HK"", ""side"": ""buy"", ""current_weight"": 0.15469533729262908, ""target_weight"": 0.17288237762886358, ""post_trade_weight"": 0.17288386797902178, ""diff_weight"": 0.0181870403362345, ""gross_amount"": 0.02596637267168045, ""gross_amount_pct_nav"": 0.0181870403362345, ""fee"": 7.789911801504133e-06, ""fee_pct_nav"": 5.45611210087035e-06, ""name"": ""腾讯控股""}, {""ts_code"": ""02628.HK"", ""side"": ""sell"", ""current_weight"": 0.07471734219780057, ""target_weight"": 0.06416929048185904, ""post_trade_weight"": 0.06416984365976841, ""diff_weight"": -0.01054805171594153, ""gross_amount"": 0.01505987982391005, ""gross_amount_pct_nav"": 0.01054805171594153, ""fee"": 4.5179639471730145e-06, ""fee_pct_nav"": 3.164415514782459e-06, ""name"": ""中国人寿""}]",2026-02-06,2026-02-06,2026-02-09,risk_on
2026-02-13,0.00693633,0.01387266,0.00000000,0.01954112,0.00000586,0.00000000,0.00000586,0.00000000,weekly_portfolio_overlay,"[{""ts_code"": ""03993.HK"", ""side"": ""sell"", ""current_weight"": 0.06445803682379536, ""target_weight"": 0.05058537606957886, ""post_trade_weight"": 0.05058558659658344, ""diff_weight"": -0.013872660754216505, ""gross_amount"": 0.019541117721493792, ""gross_amount_pct_nav"": 0.013872660754216505, ""fee"": 5.862335316448137e-06, ""fee_pct_nav"": 4.161798226264951e-06, ""name"": ""洛阳钼业""}]",2026-02-13,2026-02-13,2026-02-16,risk_on
2026-02-20,0.00000000,0.00000000,0.00000000,0.00000000,0.00000000,0.00000000,0.00000000,0.00000000,weekly_portfolio_overlay,,2026-02-20,2026-02-20,2026-02-23,risk_on
2026-03-02,0.19080173,0.38160346,0.24106671,0.29290369,0.00016019,0.00007232,0.00008787,0.00000000,rebalance,"[{""ts_code"": ""00016.HK"", ""side"": ""buy"", ""current_weight"": 0.0, ""target_weight"": 0.05327915915951932, ""post_trade_weight"": 0.053285259311335674, ""diff_weight"": 0.05327915915951932, ""gross_amount"": 0.07455250461975403, ""gross_amount_pct_nav"": 0.05327915915951932, ""fee"": 2.2365751385926206e-05, ""fee_pct_nav"": 1.5983747747855793e-05, ""name"": ""新鸿基地产""}, {""ts_code"": ""00700.HK"", ""side"": ""sell"", ""current_weight"": 0.1619087047459775, ""target_weight"": 0.1323726991949046, ""post_trade_weight"": 0.13238785509402476, ""diff_weight"": -0.029536005551072893, ""gross_amount"": 0.04132916556927338, ""gross_amount_pct_nav"": 0.029536005551072893, ""fee"": 1.2398749670782013e-05, ""fee_pct_nav"": 8.860801665321867e-06, ""name"": ""腾讯控股""}, {""ts_code"": ""00883.HK"", ""side"": ""buy"", ""current_weight"": 0.0, ""target_weight"": 0.06127029803064362, ""post_trade_weight"": 0.061277313121078904, ""diff_weight"": 0.06127029803064362, ""gross_amount"": 0.0857343518374038, ""gross_amount_pct_nav"": 0.06127029803064362, ""fee"": 2.5720305551221136e-05, ""fee_pct_nav"": 1.8381089409193085e-05, ""name"": ""中国海洋石油""}, {""ts_code"": ""00981.HK"", ""side"": ""sell"", ""current_weight"": 0.05202149510924091, ""target_weight"": 0.0, ""post_trade_weight"": 0.0, ""diff_weight"": -0.05202149510924091, ""gross_amount"": 0.07279267945739075, ""gross_amount_pct_nav"": 0.05202149510924091, ""fee"": 2.1837803837217222e-05, ""fee_pct_nav"": 1.560644853277227e-05, ""name"": ""中芯国际""}, {""ts_code"": ""01088.HK"", ""side"": ""buy"", ""current_weight"": 0.0, ""target_weight"": 0.05772955242177482, ""post_trade_weight"": 0.05773616211756616, ""diff_weight"": 0.05772955242177482, ""gross_amount"": 0.08077985447808499, ""gross_amount_pct_nav"": 0.05772955242177482, ""fee"": 2.4233956343425495e-05, ""fee_pct_nav"": 1.7318865726532446e-05, ""name"": ""中国神华""}, {""ts_code"": ""01288.HK"", ""side"": ""sell"", ""current_weight"": 0.08253895897885433, ""target_weight"": 0.06781555110458486, ""post_trade_weight"": 0.06782331558817982, ""diff_weight"": -0.014723407874269472, ""gross_amount"": 0.020602181995375557, ""gross_amount_pct_nav"": 0.014723407874269472, ""fee"": 6.180654598612666e-06, ""fee_pct_nav"": 4.417022362280841e-06, ""name"": ""农业银行""}, {""ts_code"": ""01378.HK"", ""side"": ""sell"", ""current_weight"": 0.04825439646368233, ""target_weight"": 0.0, ""post_trade_weight"": 0.0, ""diff_weight"": -0.04825439646368233, ""gross_amount"": 0.0675214506390978, ""gross_amount_pct_nav"": 0.04825439646368233, ""fee"": 2.0256435191729337e-05, ""fee_pct_nav"": 1.4476318939104697e-05, ""name"": ""中国宏桥""}, {""ts_code"": ""02899.HK"", ""side"": ""sell"", ""current_weight"": 0.0741840220939225, ""target_weight"": 0.06402083314389241, ""post_trade_weight"": 0.06402816315449594, ""diff_weight"": -0.010163188950030093, ""gross_amount"": 0.014221155196537591, ""gross_amount_pct_nav"": 0.010163188950030093, ""fee"": 4.266346558961277e-06, ""fee_pct_nav"": 3.048956685009028e-06, ""name"": ""紫金矿业""}, {""ts_code"": ""03993.HK"", ""side"": ""sell"", ""current_weight"": 0.05462595770880057, ""target_weight"": 0.0, ""post_trade_weight"": 0.0, ""diff_weight"": -0.05462595770880057, ""gross_amount"": 0.07643705397547014, ""gross_amount_pct_nav"": 0.05462595770880057, ""fee"": 2.293111619264104e-05, ""fee_pct_nav"": 1.638778731264017e-05, ""name"": ""洛阳钼业""}]",,,,
2026-03-06,0.01190210,0.02380419,0.03275214,0.00000000,0.00000983,0.00000983,0.00000000,0.00000000,weekly_portfolio_overlay,"[{""ts_code"": ""00005.HK"", ""side"": ""buy"", ""current_weight"": 0.06776715647268303, ""target_weight"": 0.08145203954808411, ""post_trade_weight"": 0.0814526212222865, ""diff_weight"": 0.013684883075401078, ""gross_amount"": 0.018828999087138587, ""gross_amount_pct_nav"": 0.013684883075401078, ""fee"": 5.6486997261415755e-06, ""fee_pct_nav"": 4.105464922620323e-06, ""name"": ""汇丰控股""}, {""ts_code"": ""02628.HK"", ""side"": ""buy"", ""current_weight"": 0.054311084733046806, ""target_weight"": 0.06443039578760307, ""post_trade_weight"": 0.06443085590498365, ""diff_weight"": 0.010119311054556265, ""gross_amount"": 0.013923136760386756, ""gross_amount_pct_nav"": 0.010119311054556265, ""fee"": 4.1769410281160265e-06, ""fee_pct_nav"": 3.0357933163668793e-06, ""name"": ""中国人寿""}]",2026-03-06,2026-03-06,2026-03-09,risk_on
2026-03-13,0.01220345,0.02440689,0.01729484,0.01672635,0.00001021,0.00000519,0.00000502,0.00000000,weekly_portfolio_overlay,"[{""ts_code"": ""00700.HK"", ""side"": ""sell"", ""current_weight"": 0.14438641325131113, ""target_weight"": 0.1323868857411099, ""post_trade_weight"": 0.13238785509401363, ""diff_weight"": -0.011999527510201217, ""gross_amount"": 0.01672634986772817, ""gross_amount_pct_nav"": 0.011999527510201217, ""fee"": 5.01790496031845e-06, ""fee_pct_nav"": 3.5998582530603648e-06, ""name"": ""腾讯控股""}, {""ts_code"": ""02899.HK"", ""side"": ""buy"", ""current_weight"": 0.051620327849579255, ""target_weight"": 0.0640276943359133, ""post_trade_weight"": 0.06402816315449056, ""diff_weight"": 0.012407366486334033, ""gross_amount"": 0.017294843702064078, ""gross_amount_pct_nav"": 0.012407366486334033, ""fee"": 5.1884531106192225e-06, ""fee_pct_nav"": 3.7222099459002098e-06, ""name"": ""紫金矿业""}]",2026-03-13,2026-03-13,2026-03-16,risk_on
2026-03-20,0.01183271,0.02366543,0.00000000,0.03163835,0.00000949,0.00000000,0.00000949,0.00000000,weekly_portfolio_overlay,"[{""ts_code"": ""00857.HK"", ""side"": ""sell"", ""current_weight"": 0.10210529512685595, ""target_weight"": 0.09030954079280173, ""post_trade_weight"": 0.09031018196154188, ""diff_weight"": -0.011795754334054224, ""gross_amount"": 0.01576976295438008, ""gross_amount_pct_nav"": 0.011795754334054224, ""fee"": 4.730928886314024e-06, ""fee_pct_nav"": 3.5387263002162664e-06, ""name"": ""中国石油股份""}, {""ts_code"": ""00883.HK"", ""side"": ""sell"", ""current_weight"": 0.07314655201704867, ""target_weight"": 0.061276878074916864, ""post_trade_weight"": 0.06127731312107445, ""diff_weight"": -0.01186967394213181, ""gross_amount"": 0.015868586197392093, ""gross_amount_pct_nav"": 0.01186967394213181, ""fee"": 4.760575859217628e-06, ""fee_pct_nav"": 3.560902182639543e-06, ""name"": ""中国海洋石油""}]",2026-03-20,2026-03-20,2026-03-23,risk_on
2026-03-27,0.01278902,0.02557804,0.02051206,0.01419553,0.00001041,0.00000615,0.00000426,0.00000000,weekly_portfolio_overlay,"[{""ts_code"": ""00700.HK"", ""side"": ""buy"", ""current_weight"": 0.11727031022174927, ""target_weight"": 0.1323868392275433, ""post_trade_weight"": 0.13238785509401357, ""diff_weight"": 0.01511652900579403, ""gross_amount"": 0.02051206128956415, ""gross_amount_pct_nav"": 0.01511652900579403, ""fee"": 6.153618386869244e-06, ""fee_pct_nav"": 4.5349587017382085e-06, ""name"": ""腾讯控股""}, {""ts_code"": ""00939.HK"", ""side"": ""sell"", ""current_weight"": 0.07858165721517733, ""target_weight"": 0.06812014837759096, ""post_trade_weight"": 0.06812067109552193, ""diff_weight"": -0.010461508837586357, ""gross_amount"": 0.014195527979712741, ""gross_amount_pct_nav"": 0.010461508837586357, ""fee"": 4.258658393913822e-06, ""fee_pct_nav"": 3.1384526512759074e-06, ""name"": ""建设银行""}]",2026-03-27,2026-03-27,2026-03-30,risk_on
2026-04-01,0.13362594,0.26725187,0.18429111,0.18523467,0.00011086,0.00005529,0.00005557,0.00000000,rebalance,"[{""ts_code"": ""00016.HK"", ""side"": ""buy"", ""current_weight"": 0.050051294154551354, ""target_weight"": 0.06407714837213303, ""post_trade_weight"": 0.06408228620544694, ""diff_weight"": 0.014025854217581683, ""gross_amount"": 0.01939337098008366, ""gross_amount_pct_nav"": 0.014025854217581683, ""fee"": 5.818011294025097e-06, ""fee_pct_nav"": 4.2077562652745046e-06, ""name"": ""新鸿基地产""}, {""ts_code"": ""00700.HK"", ""side"": ""sell"", ""current_weight"": 0.1339671410965039, ""target_weight"": 0.0, ""post_trade_weight"": 0.0, ""diff_weight"": -0.1339671410965039, ""gross_amount"": 0.1852346692131574, ""gross_amount_pct_nav"": 0.1339671410965039, ""fee"": 5.5570400763947213e-05, ""fee_pct_nav"": 4.019014232895116e-05, ""name"": ""腾讯控股""}, {""ts_code"": ""00857.HK"", ""side"": ""buy"", ""current_weight"": 0.08561488620318515, ""target_weight"": 0.10968112349304121, ""post_trade_weight"": 0.10968991794386344, ""diff_weight"": 0.02406623728985605, ""gross_amount"": 0.03327608148613523, ""gross_amount_pct_nav"": 0.02406623728985605, ""fee"": 9.982824445840568e-06, ""fee_pct_nav"": 7.219871186956815e-06, ""name"": ""中国石油股份""}, {""ts_code"": ""00883.HK"", ""side"": ""buy"", ""current_weight"": 0.05237115365268319, ""target_weight"": 0.06380337677650444, ""post_trade_weight"": 0.0638084926582668, ""diff_weight"": 0.011432223123821245, ""gross_amount"": 0.015807190116765887, ""gross_amount_pct_nav"": 0.011432223123821245, ""fee"": 4.742157035029766e-06, ""fee_pct_nav"": 3.4296669371463734e-06, ""name"": ""中国海洋石油""}, {""ts_code"": ""00939.HK"", ""side"": ""buy"", ""current_weight"": 0.0682303514777659, ""target_weight"": 0.08241904325136065, ""post_trade_weight"": 0.0824256517743189, ""diff_weight"": 0.014188691773594747, ""gross_amount"": 0.019618524406339363, ""gross_amount_pct_nav"": 0.014188691773594747, ""fee"": 5.8855573219018086e-06, ""fee_pct_nav"": 4.256607532078424e-06, ""name"": ""建设银行""}, {""ts_code"": ""02318.HK"", ""side"": ""buy"", ""current_weight"": 0.05747588482542052, ""target_weight"": 0.06781329138408075, ""post_trade_weight"": 0.06781872878877883, ""diff_weight"": 0.010337406558660235, ""gross_amount"": 0.014293401118681659, ""gross_amount_pct_nav"": 0.010337406558660235, ""fee"": 4.288020335604497e-06, ""fee_pct_nav"": 3.10122196759807e-06, ""name"": ""中国平安""}, {""ts_code"": ""02628.HK"", ""side"": ""buy"", ""current_weight"": 0.05653159957614417, ""target_weight"": 0.06995032163447713, ""post_trade_weight"": 0.06995593039051484, ""diff_weight"": 0.013418722058332964, ""gross_amount"": 0.018553897033214153, ""gross_amount_pct_nav"": 0.013418722058332964, ""fee"": 5.566169109964245e-06, ""fee_pct_nav"": 4.025616617499889e-06, ""name"": ""中国人寿""}, {""ts_code"": ""06869.HK"", ""side"": ""buy"", ""current_weight"": 0.0, ""target_weight"": 0.04581559737772592, ""post_trade_weight"": 0.04581927096352809, ""diff_weight"": 0.04581559737772592, ""gross_amount"": 0.0633486462098409, ""gross_amount_pct_nav"": 0.04581559737772592, ""fee"": 1.900459386295227e-05, ""fee_pct_nav"": 1.3744679213317775e-05, ""name"": ""长飞光纤光缆""}]",,,,
2026-04-02,0.00000000,0.00000000,0.00000000,0.00000000,0.00000000,0.00000000,0.00000000,0.00000000,weekly_portfolio_overlay,,2026-04-02,2026-04-02,2026-04-08,risk_on
2026-04-10,0.00000000,0.00000000,0.00000000,0.00000000,0.00000000,0.00000000,0.00000000,0.00000000,weekly_portfolio_overlay,,2026-04-10,2026-04-10,2026-04-13,risk_on
2026-04-17,0.00000000,0.00000000,0.00000000,0.00000000,0.00000000,0.00000000,0.00000000,0.00000000,weekly_portfolio_overlay,,2026-04-17,2026-04-17,2026-04-20,risk_on
2026-04-24,0.00519107,0.01038214,0.01510273,0.00000000,0.00000453,0.00000453,0.00000000,0.00000000,weekly_portfolio_overlay,"[{""ts_code"": ""02388.HK"", ""side"": ""buy"", ""current_weight"": 0.05273236802188887, ""target_weight"": 0.06311450736455917, ""post_trade_weight"": 0.06311470394425445, ""diff_weight"": 0.010382139342670299, ""gross_amount"": 0.015102725044199086, ""gross_amount_pct_nav"": 0.010382139342670299, ""fee"": 4.530817513259725e-06, ""fee_pct_nav"": 3.114641802801089e-06, ""name"": ""中银香港""}]",2026-04-24,2026-04-24,2026-04-27,risk_on
